[31may2025 14:08:50.817] [main/INFO] [cpw.mods.modlauncher.Launcher/MODLAUNCHER]: ModLauncher running: args [--launchTarget, forge_userdev_client, --version, MOD_DEV, --assetIndex, 19, --assetsDir, C:\Users\ayrec\.gradle\caches\forge_gradle\assets, --gameDir, ., --mixin.config, colored_water.mixins.json, --mixin.config, colored_water.forge.mixins.json]
[31may2025 14:08:50.823] [main/INFO] [cpw.mods.modlauncher.Launcher/MODLAUNCHER]: JVM identified as Oracle Corporation Java HotSpot(TM) 64-Bit Server VM 21.0.4+8-LTS-274
[31may2025 14:08:50.823] [main/INFO] [cpw.mods.modlauncher.Launcher/MODLAUNCHER]: ModLauncher 10.2.4 starting: java version 21.0.4 by Oracle Corporation; OS Windows 10 arch amd64 version 10.0
[31may2025 14:08:50.843] [main/DEBUG] [cpw.mods.modlauncher.LaunchServiceHandler/MODLAUNCHER]: Found launch services [minecraft,forge_userdev_server_gametest,forge_dev_client,forge_userdev_data,forge_dev_server_gametest,forge_dev_client_data,forge_userdev_server,forge_client,forge_server,forge_userdev_client_data,forge_userdev_client,forge_dev_data,forge_dev,testharness,forge_userdev,forge_dev_server]
[31may2025 14:08:50.853] [main/DEBUG] [cpw.mods.modlauncher.NameMappingServiceHandler/MODLAUNCHER]: Found naming services : [srgtomcp]
[31may2025 14:08:50.870] [main/DEBUG] [cpw.mods.modlauncher.LaunchPluginHandler/MODLAUNCHER]: Found launch plugins: [mixin,eventbus,slf4jfixer,object_holder_definalize,runtime_enum_extender,capability_token_subclass,accesstransformer,runtimedistcleaner]
[31may2025 14:08:50.877] [main/DEBUG] [cpw.mods.modlauncher.TransformationServicesHandler/MODLAUNCHER]: Discovering transformation services
[31may2025 14:08:50.878] [main/DEBUG] [net.minecraftforge.fml.loading.FMLPaths/CORE]: Path GAMEDIR is C:\Users\ayrec\OneDrive\Escritorio\Minecraft Modding\Mods\Colored-Water\forge\runs\client
[31may2025 14:08:50.878] [main/DEBUG] [net.minecraftforge.fml.loading.FMLPaths/CORE]: Path MODSDIR is C:\Users\ayrec\OneDrive\Escritorio\Minecraft Modding\Mods\Colored-Water\forge\runs\client\mods
[31may2025 14:08:50.879] [main/DEBUG] [net.minecraftforge.fml.loading.FMLPaths/CORE]: Path CONFIGDIR is C:\Users\ayrec\OneDrive\Escritorio\Minecraft Modding\Mods\Colored-Water\forge\runs\client\config
[31may2025 14:08:50.879] [main/DEBUG] [net.minecraftforge.fml.loading.FMLPaths/CORE]: Path FMLCONFIG is C:\Users\ayrec\OneDrive\Escritorio\Minecraft Modding\Mods\Colored-Water\forge\runs\client\config\fml.toml
[31may2025 14:08:50.917] [main/INFO] [net.minecraftforge.fml.loading.ImmediateWindowHandler/]: Loading ImmediateWindowProvider fmlearlywindow
[31may2025 14:08:51.040] [main/INFO] [EARLYDISPLAY/]: Trying GL version 4.6
[31may2025 14:08:51.214] [main/INFO] [EARLYDISPLAY/]: Requested GL version 4.6 got version 4.6
[31may2025 14:08:51.254] [main/DEBUG] [cpw.mods.modlauncher.TransformationServicesHandler/MODLAUNCHER]: Found transformer service: fml: /
[31may2025 14:08:51.257] [main/DEBUG] [cpw.mods.modlauncher.TransformationServicesHandler/MODLAUNCHER]: Found transformer service: mixin: /
[31may2025 14:08:51.258] [main/DEBUG] [cpw.mods.modlauncher.TransformationServicesHandler/MODLAUNCHER]: Transformation services loading
[31may2025 14:08:51.258] [main/DEBUG] [cpw.mods.modlauncher.TransformationServiceDecorator/MODLAUNCHER]: Loading service mixin
[31may2025 14:08:51.259] [main/DEBUG] [cpw.mods.modlauncher.TransformationServiceDecorator/MODLAUNCHER]: Loaded service mixin
[31may2025 14:08:51.259] [main/DEBUG] [cpw.mods.modlauncher.TransformationServiceDecorator/MODLAUNCHER]: Loading service fml
[31may2025 14:08:51.269] [main/DEBUG] [net.minecraftforge.fml.loading.FMLLoader/CORE]: Detected version data : VersionInfo[forgeVersion=55.0.21, mcVersion=1.21.5, mcpVersion=20250325.155543, forgeGroup=net.minecraftforge]
[31may2025 14:08:51.271] [main/DEBUG] [net.minecraftforge.fml.loading.LauncherVersion/CORE]: Found FMLLauncher version 55.0.21
[31may2025 14:08:51.271] [main/DEBUG] [net.minecraftforge.fml.loading.FMLLoader/CORE]: FML 55.0.21 loading
[31may2025 14:08:51.271] [main/DEBUG] [net.minecraftforge.fml.loading.FMLLoader/CORE]: Found ModLauncher version: 10.2.4
[31may2025 14:08:51.272] [main/DEBUG] [net.minecraftforge.fml.loading.FMLLoader/CORE]: Found AccessTransformer version: 8.2.2
[31may2025 14:08:51.272] [main/DEBUG] [net.minecraftforge.fml.loading.FMLLoader/CORE]: Found EventBus version: 6.2.27
[31may2025 14:08:51.272] [main/DEBUG] [net.minecraftforge.fml.loading.FMLLoader/CORE]: Found RuntimeDistCleaner version: 55.0.21
[31may2025 14:08:51.274] [main/DEBUG] [net.minecraftforge.fml.loading.FMLLoader/CORE]: FML found CoreMod version : 5.2.6
[31may2025 14:08:51.274] [main/DEBUG] [net.minecraftforge.fml.loading.FMLLoader/CORE]: Found ForgeSPI version: 7.1.5
[31may2025 14:08:51.274] [main/DEBUG] [cpw.mods.modlauncher.TransformationServiceDecorator/MODLAUNCHER]: Loaded service fml
[31may2025 14:08:51.275] [main/DEBUG] [cpw.mods.modlauncher.TransformationServicesHandler/MODLAUNCHER]: Configuring option handling for services
[31may2025 14:08:51.279] [main/DEBUG] [cpw.mods.modlauncher.TransformationServicesHandler/MODLAUNCHER]: Transformation services initializing
[31may2025 14:08:51.280] [main/DEBUG] [cpw.mods.modlauncher.TransformationServiceDecorator/MODLAUNCHER]: Initializing transformation service mixin
[31may2025 14:08:51.314] [main/DEBUG] [mixin/]: MixinService [ModLauncher] was successfully booted in SecureModuleClassLoader[SECURE-BOOTSTRAP]@285133380
[31may2025 14:08:51.326] [main/INFO] [mixin/]: SpongePowered MIXIN Subsystem Version=0.8.7 Source=jar:file:///C:/Users/ayrec/.gradle/caches/modules-2/files-2.1/org.spongepowered/mixin/0.8.7/8ab114ac385e6dbdad5efafe28aba4df8120915f/mixin-0.8.7.jar!/ Service=ModLauncher Env=CLIENT
[31may2025 14:08:51.330] [main/DEBUG] [mixin/]: Initialising Mixin Platform Manager
[31may2025 14:08:51.330] [main/DEBUG] [mixin/]: Adding mixin platform agents for container ModLauncher Root Container(ModLauncher:4f56a0a2)
[31may2025 14:08:51.330] [main/DEBUG] [mixin/]: Instancing new MixinPlatformAgentMinecraftForge for ModLauncher Root Container(ModLauncher:4f56a0a2)
[31may2025 14:08:51.331] [main/DEBUG] [mixin/]: MixinPlatformAgentMinecraftForge rejected container ModLauncher Root Container(ModLauncher:4f56a0a2)
[31may2025 14:08:51.332] [main/DEBUG] [mixin/]: Instancing new MixinPlatformAgentDefault for ModLauncher Root Container(ModLauncher:4f56a0a2)
[31may2025 14:08:51.332] [main/DEBUG] [mixin/]: MixinPlatformAgentDefault accepted container ModLauncher Root Container(ModLauncher:4f56a0a2)
[31may2025 14:08:51.334] [main/DEBUG] [cpw.mods.modlauncher.TransformationServiceDecorator/MODLAUNCHER]: Initialized transformation service mixin
[31may2025 14:08:51.334] [main/DEBUG] [cpw.mods.modlauncher.TransformationServiceDecorator/MODLAUNCHER]: Initializing transformation service fml
[31may2025 14:08:51.334] [main/DEBUG] [net.minecraftforge.fml.loading.FMLServiceProvider/CORE]: Setting up basic FML game directories
[31may2025 14:08:51.334] [main/DEBUG] [net.minecraftforge.fml.loading.FMLPaths/CORE]: Path GAMEDIR is C:\Users\ayrec\OneDrive\Escritorio\Minecraft Modding\Mods\Colored-Water\forge\runs\client
[31may2025 14:08:51.335] [main/DEBUG] [net.minecraftforge.fml.loading.FMLPaths/CORE]: Path MODSDIR is C:\Users\ayrec\OneDrive\Escritorio\Minecraft Modding\Mods\Colored-Water\forge\runs\client\mods
[31may2025 14:08:51.335] [main/DEBUG] [net.minecraftforge.fml.loading.FMLPaths/CORE]: Path CONFIGDIR is C:\Users\ayrec\OneDrive\Escritorio\Minecraft Modding\Mods\Colored-Water\forge\runs\client\config
[31may2025 14:08:51.335] [main/DEBUG] [net.minecraftforge.fml.loading.FMLPaths/CORE]: Path FMLCONFIG is C:\Users\ayrec\OneDrive\Escritorio\Minecraft Modding\Mods\Colored-Water\forge\runs\client\config\fml.toml
[31may2025 14:08:51.335] [main/DEBUG] [net.minecraftforge.fml.loading.FMLServiceProvider/CORE]: Loading configuration
[31may2025 14:08:51.337] [main/DEBUG] [net.minecraftforge.fml.loading.FMLServiceProvider/CORE]: Preparing ModFile
[31may2025 14:08:51.340] [main/DEBUG] [net.minecraftforge.fml.loading.FMLServiceProvider/CORE]: Preparing launch handler
[31may2025 14:08:51.340] [main/DEBUG] [net.minecraftforge.fml.loading.FMLLoader/CORE]: Using forge_userdev_client as launch service
[31may2025 14:08:51.345] [main/DEBUG] [cpw.mods.modlauncher.TransformationServiceDecorator/MODLAUNCHER]: Initialized transformation service fml
[31may2025 14:08:51.346] [main/DEBUG] [cpw.mods.modlauncher.NameMappingServiceHandler/MODLAUNCHER]: Current naming domain is 'mcp'
[31may2025 14:08:51.346] [main/DEBUG] [cpw.mods.modlauncher.NameMappingServiceHandler/MODLAUNCHER]: Identified name mapping providers {srg=net.minecraftforge.fml.loading.MCPNamingService@7e75bf2d}
[31may2025 14:08:51.346] [main/DEBUG] [cpw.mods.modlauncher.TransformationServicesHandler/MODLAUNCHER]: Transformation services begin scanning
[31may2025 14:08:51.346] [main/DEBUG] [cpw.mods.modlauncher.TransformationServiceDecorator/MODLAUNCHER]: Beginning scan trigger - transformation service mixin
[31may2025 14:08:51.347] [main/DEBUG] [cpw.mods.modlauncher.TransformationServiceDecorator/MODLAUNCHER]: End scan trigger - transformation service mixin
[31may2025 14:08:51.347] [main/DEBUG] [cpw.mods.modlauncher.TransformationServiceDecorator/MODLAUNCHER]: Beginning scan trigger - transformation service fml
[31may2025 14:08:51.347] [main/DEBUG] [net.minecraftforge.fml.loading.FMLServiceProvider/CORE]: Initiating mod scan
[31may2025 14:08:51.355] [main/DEBUG] [net.minecraftforge.fml.loading.moddiscovery.ModDiscoverer/CORE]: Found Mod Locators : (mods folder:null),(minecraft:null),(classpath:null),(forge_dev_locator:null),(forge_userdev_locator:null)
[31may2025 14:08:51.355] [main/DEBUG] [net.minecraftforge.fml.loading.moddiscovery.ModDiscoverer/CORE]: Found Dependency Locators : (JarInJar:null)
[31may2025 14:08:51.549] [EarlyDisplay/INFO] [EARLYDISPLAY/]: GL info: NVIDIA GeForce RTX 4070/PCIe/SSE2 GL version 4.6.0 NVIDIA 572.16, NVIDIA Corporation
[31may2025 14:08:51.957] [main/DEBUG] [net.minecraftforge.fml.loading.moddiscovery.ModFileInfo/LOADING]: Found valid mod file  with {minecraft} mods - versions {1.21.5}
[31may2025 14:08:52.326] [main/DEBUG] [net.minecraftforge.fml.loading.moddiscovery.ModFileParser/LOADING]: Considering mod file candidate C:\Users\ayrec\OneDrive\Escritorio\Minecraft Modding\Mods\Colored-Water\forge\build\sourcesSets\main
[31may2025 14:08:52.333] [main/DEBUG] [net.minecraftforge.fml.loading.moddiscovery.ModFileInfo/LOADING]: Found valid mod file main with {colored_water} mods - versions {1.4.0}
[31may2025 14:08:52.434] [main/DEBUG] [net.minecraftforge.fml.loading.moddiscovery.ModFileParser/LOADING]: Considering mod file candidate /
[31may2025 14:08:52.437] [main/DEBUG] [net.minecraftforge.fml.loading.moddiscovery.ModFileInfo/LOADING]: Found valid mod file  with {forge} mods - versions {55.0.21}
[31may2025 14:08:52.444] [main/DEBUG] [net.minecraftforge.fml.loading.moddiscovery.JarInJarDependencyLocator/]: Failed to load resource META-INF\jarjar\metadata.json from , it does not contain dependency information.
[31may2025 14:08:52.445] [main/DEBUG] [net.minecraftforge.fml.loading.moddiscovery.JarInJarDependencyLocator/]: Failed to load resource META-INF\jarjar\metadata.json from , it does not contain dependency information.
[31may2025 14:08:52.445] [main/DEBUG] [net.minecraftforge.fml.loading.moddiscovery.JarInJarDependencyLocator/]: Failed to load resource META-INF\jarjar\metadata.json from main, it does not contain dependency information.
[31may2025 14:08:52.445] [main/DEBUG] [net.minecraftforge.fml.loading.moddiscovery.JarInJarDependencyLocator/]: Failed to load resource META-INF\jarjar\metadata.json from javafmllanguage-1.21.5-55.0.21.jar, it does not contain dependency information.
[31may2025 14:08:52.445] [main/DEBUG] [net.minecraftforge.fml.loading.moddiscovery.JarInJarDependencyLocator/]: Failed to load resource META-INF\jarjar\metadata.json from mclanguage-1.21.5-55.0.21.jar, it does not contain dependency information.
[31may2025 14:08:52.445] [main/DEBUG] [net.minecraftforge.fml.loading.moddiscovery.JarInJarDependencyLocator/]: Failed to load resource META-INF\jarjar\metadata.json from lowcodelanguage-1.21.5-55.0.21.jar, it does not contain dependency information.
[31may2025 14:08:52.446] [main/DEBUG] [net.minecraftforge.fml.loading.moddiscovery.JarInJarDependencyLocator/]: Failed to load resource META-INF\jarjar\metadata.json from fmlcore-1.21.5-55.0.21.jar, it does not contain dependency information.
[31may2025 14:08:52.472] [main/INFO] [net.minecraftforge.fml.loading.moddiscovery.JarInJarDependencyLocator/]: No dependencies to load found. Skipping!
[31may2025 14:08:52.474] [main/DEBUG] [net.minecraftforge.fml.loading.moddiscovery.ModFileInfo/LOADING]: Found valid mod file  with {minecraft} mods - versions {1.21.5}
[31may2025 14:08:52.477] [main/DEBUG] [net.minecraftforge.fml.loading.moddiscovery.ModFile/LOADING]: Loading mod file / with languages [LanguageSpec[languageName=minecraft, acceptedVersions=1]]
[31may2025 14:08:52.479] [main/DEBUG] [net.minecraftforge.fml.loading.moddiscovery.ModFileParser/LOADING]: Considering mod file candidate C:\Users\ayrec\OneDrive\Escritorio\Minecraft Modding\Mods\Colored-Water\forge\build\sourcesSets\main
[31may2025 14:08:52.480] [main/DEBUG] [net.minecraftforge.fml.loading.moddiscovery.ModFileInfo/LOADING]: Found valid mod file main with {colored_water} mods - versions {1.4.0}
[31may2025 14:08:52.481] [main/DEBUG] [net.minecraftforge.fml.loading.moddiscovery.ModFile/LOADING]: Loading mod file C:\Users\ayrec\OneDrive\Escritorio\Minecraft Modding\Mods\Colored-Water\forge\build\sourcesSets\main with languages [LanguageSpec[languageName=javafml, acceptedVersions=[55,)]]
[31may2025 14:08:52.481] [main/DEBUG] [net.minecraftforge.fml.loading.moddiscovery.ModFileParser/LOADING]: Considering mod file candidate /
[31may2025 14:08:52.482] [main/DEBUG] [net.minecraftforge.fml.loading.moddiscovery.ModFileInfo/LOADING]: Found valid mod file  with {forge} mods - versions {55.0.21}
[31may2025 14:08:52.482] [main/DEBUG] [net.minecraftforge.fml.loading.moddiscovery.ModFile/LOADING]: Loading mod file / with languages [LanguageSpec[languageName=javafml, acceptedVersions=[24,]]]
[31may2025 14:08:52.486] [main/DEBUG] [net.minecraftforge.fml.loading.moddiscovery.ModFileParser/LOADING]: Found coremod field_to_method with Javascript path coremods/field_to_method.js
[31may2025 14:08:52.487] [main/DEBUG] [net.minecraftforge.fml.loading.moddiscovery.ModFileParser/LOADING]: Found coremod method_redirector with Javascript path coremods/method_redirector.js
[31may2025 14:08:52.487] [main/DEBUG] [net.minecraftforge.fml.loading.moddiscovery.ModFile/LOADING]: Found coremod /coremods/field_to_method.js
[31may2025 14:08:52.487] [main/DEBUG] [net.minecraftforge.fml.loading.moddiscovery.ModFile/LOADING]: Found coremod /coremods/method_redirector.js
[31may2025 14:08:52.489] [main/DEBUG] [cpw.mods.modlauncher.TransformationServiceDecorator/MODLAUNCHER]: End scan trigger - transformation service fml
[31may2025 14:08:52.507] [main/DEBUG] [net.minecraftforge.fml.loading.LanguageLoadingProvider/CORE]: Found 3 language providers
[31may2025 14:08:52.508] [main/DEBUG] [net.minecraftforge.fml.loading.LanguageLoadingProvider/CORE]: Found language provider lowcodefml, version 55
[31may2025 14:08:52.508] [main/DEBUG] [net.minecraftforge.fml.loading.LanguageLoadingProvider/CORE]: Found language provider minecraft, version 1.0
[31may2025 14:08:52.509] [main/DEBUG] [net.minecraftforge.fml.loading.LanguageLoadingProvider/CORE]: Found language provider javafml, version 55.0.21
[31may2025 14:08:52.511] [main/DEBUG] [net.minecraftforge.fml.loading.ModSorter/]: Configured system mods: [minecraft, forge]
[31may2025 14:08:52.511] [main/DEBUG] [net.minecraftforge.fml.loading.ModSorter/]: Found system mod: minecraft
[31may2025 14:08:52.511] [main/DEBUG] [net.minecraftforge.fml.loading.ModSorter/]: Found system mod: forge
[31may2025 14:08:52.517] [main/DEBUG] [net.minecraftforge.fml.loading.ModSorter/LOADING]: Found 2 mod requirements (2 mandatory, 0 optional)
[31may2025 14:08:52.517] [main/DEBUG] [net.minecraftforge.fml.loading.ModSorter/LOADING]: Found 0 mod requirements missing (0 mandatory, 0 optional)
[31may2025 14:08:52.781] [main/DEBUG] [net.minecraftforge.fml.loading.MCPNamingService/CORE]: Loaded 40598 method mappings from methods.csv
[31may2025 14:08:52.808] [main/DEBUG] [net.minecraftforge.fml.loading.MCPNamingService/CORE]: Loaded 38968 field mappings from fields.csv
[31may2025 14:08:52.832] [main/DEBUG] [cpw.mods.modlauncher.TransformationServicesHandler/MODLAUNCHER]: Transformation services loading transformers
[31may2025 14:08:52.833] [main/DEBUG] [cpw.mods.modlauncher.TransformationServiceDecorator/MODLAUNCHER]: Initializing transformers for transformation service mixin
[31may2025 14:08:52.833] [main/DEBUG] [cpw.mods.modlauncher.TransformationServiceDecorator/MODLAUNCHER]: Initialized transformers for transformation service mixin
[31may2025 14:08:52.833] [main/DEBUG] [cpw.mods.modlauncher.TransformationServiceDecorator/MODLAUNCHER]: Initializing transformers for transformation service fml
[31may2025 14:08:52.833] [main/DEBUG] [net.minecraftforge.fml.loading.FMLServiceProvider/CORE]: Loading coremod transformers
[31may2025 14:08:52.833] [main/DEBUG] [net.minecraftforge.coremod.CoreModEngine/COREMOD]: Loading CoreMod from /coremods/field_to_method.js
[31may2025 14:08:52.991] [main/DEBUG] [net.minecraftforge.coremod.CoreModEngine/COREMOD]: CoreMod loaded successfully
[31may2025 14:08:52.991] [main/DEBUG] [net.minecraftforge.coremod.CoreModEngine/COREMOD]: Loading CoreMod from /coremods/method_redirector.js
[31may2025 14:08:53.057] [main/DEBUG] [net.minecraftforge.coremod.CoreMod.forge/COREMODLOG]: Gathering Forge method redirector replacements
[31may2025 14:08:53.075] [main/DEBUG] [net.minecraftforge.coremod.CoreModEngine/COREMOD]: CoreMod loaded successfully
[31may2025 14:08:53.092] [main/DEBUG] [cpw.mods.modlauncher.TransformStore/MODLAUNCHER]: Adding transformer net.minecraftforge.coremod.transformer.CoreModClassTransformer@9ab310b to Target : CLASS {Lnet/minecraft/world/level/biome/Biome;} {} {V}
[31may2025 14:08:53.093] [main/DEBUG] [cpw.mods.modlauncher.TransformStore/MODLAUNCHER]: Adding transformer net.minecraftforge.coremod.transformer.CoreModClassTransformer@48a2db72 to Target : CLASS {Lnet/minecraft/world/effect/MobEffectInstance;} {} {V}
[31may2025 14:08:53.093] [main/DEBUG] [cpw.mods.modlauncher.TransformStore/MODLAUNCHER]: Adding transformer net.minecraftforge.coremod.transformer.CoreModClassTransformer@51bddd98 to Target : CLASS {Lnet/minecraft/world/level/block/LiquidBlock;} {} {V}
[31may2025 14:08:53.093] [main/DEBUG] [cpw.mods.modlauncher.TransformStore/MODLAUNCHER]: Adding transformer net.minecraftforge.coremod.transformer.CoreModClassTransformer@21c747a to Target : CLASS {Lnet/minecraft/world/item/BucketItem;} {} {V}
[31may2025 14:08:53.093] [main/DEBUG] [cpw.mods.modlauncher.TransformStore/MODLAUNCHER]: Adding transformer net.minecraftforge.coremod.transformer.CoreModClassTransformer@77d4ac52 to Target : CLASS {Lnet/minecraft/world/level/block/FlowerPotBlock;} {} {V}
[31may2025 14:08:53.093] [main/DEBUG] [cpw.mods.modlauncher.TransformStore/MODLAUNCHER]: Adding transformer net.minecraftforge.coremod.transformer.CoreModClassTransformer@29f38091 to Target : CLASS {Lnet/minecraft/server/commands/SummonCommand;} {} {V}
[31may2025 14:08:53.093] [main/DEBUG] [cpw.mods.modlauncher.TransformStore/MODLAUNCHER]: Adding transformer net.minecraftforge.coremod.transformer.CoreModClassTransformer@29f38091 to Target : CLASS {Lnet/minecraft/world/level/levelgen/structure/structures/WoodlandMansionPieces$WoodlandMansionPiece;} {} {V}
[31may2025 14:08:53.093] [main/DEBUG] [cpw.mods.modlauncher.TransformStore/MODLAUNCHER]: Adding transformer net.minecraftforge.coremod.transformer.CoreModClassTransformer@29f38091 to Target : CLASS {Lnet/minecraft/world/level/NaturalSpawner;} {} {V}
[31may2025 14:08:53.093] [main/DEBUG] [cpw.mods.modlauncher.TransformStore/MODLAUNCHER]: Adding transformer net.minecraftforge.coremod.transformer.CoreModClassTransformer@29f38091 to Target : CLASS {Lnet/minecraft/world/level/levelgen/PhantomSpawner;} {} {V}
[31may2025 14:08:53.094] [main/DEBUG] [cpw.mods.modlauncher.TransformStore/MODLAUNCHER]: Adding transformer net.minecraftforge.coremod.transformer.CoreModClassTransformer@29f38091 to Target : CLASS {Lnet/minecraft/world/entity/npc/Villager;} {} {V}
[31may2025 14:08:53.094] [main/DEBUG] [cpw.mods.modlauncher.TransformStore/MODLAUNCHER]: Adding transformer net.minecraftforge.coremod.transformer.CoreModClassTransformer@29f38091 to Target : CLASS {Lnet/minecraft/world/entity/monster/Zombie;} {} {V}
[31may2025 14:08:53.094] [main/DEBUG] [cpw.mods.modlauncher.TransformStore/MODLAUNCHER]: Adding transformer net.minecraftforge.coremod.transformer.CoreModClassTransformer@29f38091 to Target : CLASS {Lnet/minecraft/world/entity/monster/Spider;} {} {V}
[31may2025 14:08:53.094] [main/DEBUG] [cpw.mods.modlauncher.TransformStore/MODLAUNCHER]: Adding transformer net.minecraftforge.coremod.transformer.CoreModClassTransformer@29f38091 to Target : CLASS {Lnet/minecraft/world/entity/monster/ZombieVillager;} {} {V}
[31may2025 14:08:53.094] [main/DEBUG] [cpw.mods.modlauncher.TransformStore/MODLAUNCHER]: Adding transformer net.minecraftforge.coremod.transformer.CoreModClassTransformer@29f38091 to Target : CLASS {Lnet/minecraft/world/entity/animal/frog/Tadpole;} {} {V}
[31may2025 14:08:53.094] [main/DEBUG] [cpw.mods.modlauncher.TransformStore/MODLAUNCHER]: Adding transformer net.minecraftforge.coremod.transformer.CoreModClassTransformer@29f38091 to Target : CLASS {Lnet/minecraft/world/level/levelgen/structure/structures/OceanMonumentPieces$OceanMonumentPiece;} {} {V}
[31may2025 14:08:53.094] [main/DEBUG] [cpw.mods.modlauncher.TransformStore/MODLAUNCHER]: Adding transformer net.minecraftforge.coremod.transformer.CoreModClassTransformer@29f38091 to Target : CLASS {Lnet/minecraft/world/entity/raid/Raid;} {} {V}
[31may2025 14:08:53.094] [main/DEBUG] [cpw.mods.modlauncher.TransformStore/MODLAUNCHER]: Adding transformer net.minecraftforge.coremod.transformer.CoreModClassTransformer@29f38091 to Target : CLASS {Lnet/minecraft/world/level/levelgen/structure/structures/SwampHutPiece;} {} {V}
[31may2025 14:08:53.094] [main/DEBUG] [cpw.mods.modlauncher.TransformStore/MODLAUNCHER]: Adding transformer net.minecraftforge.coremod.transformer.CoreModClassTransformer@29f38091 to Target : CLASS {Lnet/minecraft/world/level/levelgen/structure/structures/OceanRuinPieces$OceanRuinPiece;} {} {V}
[31may2025 14:08:53.095] [main/DEBUG] [cpw.mods.modlauncher.TransformStore/MODLAUNCHER]: Adding transformer net.minecraftforge.coremod.transformer.CoreModClassTransformer@29f38091 to Target : CLASS {Lnet/minecraft/server/commands/RaidCommand;} {} {V}
[31may2025 14:08:53.095] [main/DEBUG] [cpw.mods.modlauncher.TransformStore/MODLAUNCHER]: Adding transformer net.minecraftforge.coremod.transformer.CoreModClassTransformer@29f38091 to Target : CLASS {Lnet/minecraft/world/entity/EntityType;} {} {V}
[31may2025 14:08:53.095] [main/DEBUG] [cpw.mods.modlauncher.TransformStore/MODLAUNCHER]: Adding transformer net.minecraftforge.coremod.transformer.CoreModClassTransformer@29f38091 to Target : CLASS {Lnet/minecraft/world/level/levelgen/PatrolSpawner;} {} {V}
[31may2025 14:08:53.095] [main/DEBUG] [cpw.mods.modlauncher.TransformStore/MODLAUNCHER]: Adding transformer net.minecraftforge.coremod.transformer.CoreModClassTransformer@29f38091 to Target : CLASS {Lnet/minecraft/world/entity/animal/horse/SkeletonTrapGoal;} {} {V}
[31may2025 14:08:53.095] [main/DEBUG] [cpw.mods.modlauncher.TransformStore/MODLAUNCHER]: Adding transformer net.minecraftforge.coremod.transformer.CoreModClassTransformer@29f38091 to Target : CLASS {Lnet/minecraft/world/entity/npc/CatSpawner;} {} {V}
[31may2025 14:08:53.095] [main/DEBUG] [cpw.mods.modlauncher.TransformStore/MODLAUNCHER]: Adding transformer net.minecraftforge.coremod.transformer.CoreModClassTransformer@29f38091 to Target : CLASS {Lnet/minecraft/world/level/levelgen/structure/templatesystem/StructureTemplate;} {} {V}
[31may2025 14:08:53.095] [main/DEBUG] [cpw.mods.modlauncher.TransformStore/MODLAUNCHER]: Adding transformer net.minecraftforge.coremod.transformer.CoreModClassTransformer@29f38091 to Target : CLASS {Lnet/minecraft/world/entity/monster/Strider;} {} {V}
[31may2025 14:08:53.095] [main/DEBUG] [cpw.mods.modlauncher.TransformStore/MODLAUNCHER]: Adding transformer net.minecraftforge.coremod.transformer.CoreModClassTransformer@29f38091 to Target : CLASS {Lnet/minecraft/world/entity/ai/village/VillageSiege;} {} {V}
[31may2025 14:08:53.096] [main/DEBUG] [cpw.mods.modlauncher.TransformStore/MODLAUNCHER]: Adding transformer net.minecraftforge.coremod.transformer.CoreModClassTransformer@29f38091 to Target : CLASS {Lnet/minecraft/world/entity/monster/Evoker$EvokerSummonSpellGoal;} {} {V}
[31may2025 14:08:53.096] [main/DEBUG] [cpw.mods.modlauncher.TransformStore/MODLAUNCHER]: Adding transformer net.minecraftforge.coremod.transformer.CoreModClassTransformer@29f38091 to Target : CLASS {Lnet/minecraft/world/level/block/entity/trialspawner/TrialSpawner;} {} {V}
[31may2025 14:08:53.096] [main/DEBUG] [cpw.mods.modlauncher.TransformationServiceDecorator/MODLAUNCHER]: Initialized transformers for transformation service fml
[31may2025 14:08:53.149] [main/DEBUG] [mixin/]: Processing prepare() for PlatformAgent[MixinPlatformAgentDefault:ModLauncher Root Container(ModLauncher:4f56a0a2)]
[31may2025 14:08:53.149] [main/DEBUG] [mixin/]: Registering mixin config: colored_water.mixins.json source=null
[31may2025 14:08:53.162] [main/DEBUG] [mixin/]: Compatibility level JAVA_18 specified by colored_water.mixins.json is higher than the maximum level supported by this version of mixin (JAVA_13).
[31may2025 14:08:53.165] [main/INFO] [mixin/]: Compatibility level set to JAVA_18
[31may2025 14:08:53.166] [main/DEBUG] [mixin/]: Registering mixin config: colored_water.forge.mixins.json source=null
[31may2025 14:08:53.168] [main/DEBUG] [mixin/]: Processing launch tasks for PlatformAgent[MixinPlatformAgentDefault:ModLauncher Root Container(ModLauncher:4f56a0a2)]
[31may2025 14:08:53.168] [main/DEBUG] [mixin/]: Adding mixin platform agents for container SecureJarResource(mixin.synthetic)
[31may2025 14:08:53.168] [main/DEBUG] [mixin/]: Instancing new MixinPlatformAgentMinecraftForge for SecureJarResource(mixin.synthetic)
[31may2025 14:08:53.168] [main/DEBUG] [mixin/]: MixinPlatformAgentMinecraftForge rejected container SecureJarResource(mixin.synthetic)
[31may2025 14:08:53.168] [main/DEBUG] [mixin/]: Instancing new MixinPlatformAgentDefault for SecureJarResource(mixin.synthetic)
[31may2025 14:08:53.168] [main/DEBUG] [mixin/]: MixinPlatformAgentDefault accepted container SecureJarResource(mixin.synthetic)
[31may2025 14:08:53.168] [main/DEBUG] [mixin/]: Processing prepare() for PlatformAgent[MixinPlatformAgentDefault:SecureJarResource(mixin.synthetic)]
[31may2025 14:08:53.168] [main/DEBUG] [mixin/]: Adding mixin platform agents for container SecureJarResource(minecraft)
[31may2025 14:08:53.168] [main/DEBUG] [mixin/]: Instancing new MixinPlatformAgentMinecraftForge for SecureJarResource(minecraft)
[31may2025 14:08:53.168] [main/DEBUG] [mixin/]: MixinPlatformAgentMinecraftForge rejected container SecureJarResource(minecraft)
[31may2025 14:08:53.168] [main/DEBUG] [mixin/]: Instancing new MixinPlatformAgentDefault for SecureJarResource(minecraft)
[31may2025 14:08:53.169] [main/DEBUG] [mixin/]: MixinPlatformAgentDefault accepted container SecureJarResource(minecraft)
[31may2025 14:08:53.169] [main/DEBUG] [mixin/]: Processing prepare() for PlatformAgent[MixinPlatformAgentDefault:SecureJarResource(minecraft)]
[31may2025 14:08:53.169] [main/DEBUG] [mixin/]: Adding mixin platform agents for container SecureJarResource(net.minecraftforge.forge)
[31may2025 14:08:53.169] [main/DEBUG] [mixin/]: Instancing new MixinPlatformAgentMinecraftForge for SecureJarResource(net.minecraftforge.forge)
[31may2025 14:08:53.169] [main/DEBUG] [mixin/]: MixinPlatformAgentMinecraftForge rejected container SecureJarResource(net.minecraftforge.forge)
[31may2025 14:08:53.169] [main/DEBUG] [mixin/]: Instancing new MixinPlatformAgentDefault for SecureJarResource(net.minecraftforge.forge)
[31may2025 14:08:53.169] [main/DEBUG] [mixin/]: MixinPlatformAgentDefault accepted container SecureJarResource(net.minecraftforge.forge)
[31may2025 14:08:53.169] [main/DEBUG] [mixin/]: Processing prepare() for PlatformAgent[MixinPlatformAgentDefault:SecureJarResource(net.minecraftforge.forge)]
[31may2025 14:08:53.169] [main/DEBUG] [mixin/]: Adding mixin platform agents for container SecureJarResource(colored_water)
[31may2025 14:08:53.169] [main/DEBUG] [mixin/]: Instancing new MixinPlatformAgentMinecraftForge for SecureJarResource(colored_water)
[31may2025 14:08:53.169] [main/DEBUG] [mixin/]: MixinPlatformAgentMinecraftForge rejected container SecureJarResource(colored_water)
[31may2025 14:08:53.170] [main/DEBUG] [mixin/]: Instancing new MixinPlatformAgentDefault for SecureJarResource(colored_water)
[31may2025 14:08:53.170] [main/DEBUG] [mixin/]: MixinPlatformAgentDefault accepted container SecureJarResource(colored_water)
[31may2025 14:08:53.170] [main/DEBUG] [mixin/]: Processing prepare() for PlatformAgent[MixinPlatformAgentDefault:SecureJarResource(colored_water)]
[31may2025 14:08:53.170] [main/DEBUG] [mixin/]: inject() running with 5 agents
[31may2025 14:08:53.170] [main/DEBUG] [mixin/]: Processing inject() for PlatformAgent[MixinPlatformAgentDefault:ModLauncher Root Container(ModLauncher:4f56a0a2)]
[31may2025 14:08:53.170] [main/DEBUG] [mixin/]: Processing inject() for PlatformAgent[MixinPlatformAgentDefault:SecureJarResource(mixin.synthetic)]
[31may2025 14:08:53.170] [main/DEBUG] [mixin/]: Processing inject() for PlatformAgent[MixinPlatformAgentDefault:SecureJarResource(minecraft)]
[31may2025 14:08:53.170] [main/DEBUG] [mixin/]: Processing inject() for PlatformAgent[MixinPlatformAgentDefault:SecureJarResource(net.minecraftforge.forge)]
[31may2025 14:08:53.170] [main/DEBUG] [mixin/]: Processing inject() for PlatformAgent[MixinPlatformAgentDefault:SecureJarResource(colored_water)]
[31may2025 14:08:53.171] [main/INFO] [cpw.mods.modlauncher.LaunchServiceHandler/MODLAUNCHER]: Launching target 'forge_userdev_client' with arguments [--version, MOD_DEV, --gameDir, ., --assetsDir, C:\Users\ayrec\.gradle\caches\forge_gradle\assets, --assetIndex, 19]
[31may2025 14:08:53.194] [main/DEBUG] [mixin/]: Preparing mixins for MixinEnvironment[DEFAULT]
[31may2025 14:08:53.194] [main/DEBUG] [mixin/]: Selecting config colored_water.mixins.json
[31may2025 14:08:53.198] [main/WARN] [mixin/]: Reference map 'colored_water.refmap.json' for colored_water.mixins.json could not be read. If this is a development environment you can ignore this message
[31may2025 14:08:53.199] [main/DEBUG] [mixin/]: Selecting config colored_water.forge.mixins.json
[31may2025 14:08:53.200] [main/DEBUG] [mixin/]: Preparing colored_water.mixins.json (0)
[31may2025 14:08:53.201] [main/DEBUG] [mixin/]: Preparing colored_water.forge.mixins.json (64)
[31may2025 14:08:53.300] [main/DEBUG] [mixin/]: Registering new injector for @Inject with org.spongepowered.asm.mixin.injection.struct.CallbackInjectionInfo
[31may2025 14:08:53.303] [main/DEBUG] [mixin/]: Registering new injector for @ModifyArg with org.spongepowered.asm.mixin.injection.struct.ModifyArgInjectionInfo
[31may2025 14:08:53.304] [main/DEBUG] [mixin/]: Registering new injector for @ModifyArgs with org.spongepowered.asm.mixin.injection.struct.ModifyArgsInjectionInfo
[31may2025 14:08:53.305] [main/DEBUG] [mixin/]: Registering new injector for @Redirect with org.spongepowered.asm.mixin.injection.struct.RedirectInjectionInfo
[31may2025 14:08:53.306] [main/DEBUG] [mixin/]: Registering new injector for @ModifyVariable with org.spongepowered.asm.mixin.injection.struct.ModifyVariableInjectionInfo
[31may2025 14:08:53.307] [main/DEBUG] [mixin/]: Registering new injector for @ModifyConstant with org.spongepowered.asm.mixin.injection.struct.ModifyConstantInjectionInfo
[31may2025 14:08:53.548] [main/DEBUG] [io.netty.util.internal.logging.InternalLoggerFactory/]: Using SLF4J as the default logging framework
[31may2025 14:08:53.553] [main/DEBUG] [io.netty.util.ResourceLeakDetector/]: -Dio.netty.leakDetection.level: simple
[31may2025 14:08:53.554] [main/DEBUG] [io.netty.util.ResourceLeakDetector/]: -Dio.netty.leakDetection.targetRecords: 4
[31may2025 14:08:55.297] [pool-5-thread-1/DEBUG] [net.minecraftforge.coremod.transformer.CoreModBaseTransformer/COREMOD]: Transforming net/minecraft/world/entity/EntityType
[31may2025 14:08:55.394] [pool-5-thread-1/DEBUG] [net.minecraftforge.coremod.CoreMod.forge/COREMODLOG]: Redirecting method call finalizeSpawn(Lnet/minecraft/world/level/ServerLevelAccessor;Lnet/minecraft/world/DifficultyInstance;Lnet/minecraft/world/entity/EntitySpawnReason;Lnet/minecraft/world/entity/SpawnGroupData;)Lnet/minecraft/world/entity/SpawnGroupData; to onFinalizeSpawn(Lnet/minecraft/world/entity/Mob;Lnet/minecraft/world/level/ServerLevelAccessor;Lnet/minecraft/world/DifficultyInstance;Lnet/minecraft/world/entity/EntitySpawnReason;Lnet/minecraft/world/entity/SpawnGroupData;)Lnet/minecraft/world/entity/SpawnGroupData; inside of net/minecraft/world/entity/EntityType.create
[31may2025 14:08:55.640] [Datafixer Bootstrap/INFO] [com.mojang.datafixers.DataFixerBuilder/]: 263 Datafixer optimizations took 1427 milliseconds
[31may2025 14:08:55.818] [pool-5-thread-1/DEBUG] [net.minecraftforge.coremod.transformer.CoreModBaseTransformer/COREMOD]: Transforming net/minecraft/world/level/block/LiquidBlock
[31may2025 14:08:55.831] [pool-5-thread-1/DEBUG] [net.minecraftforge.coremod.transformer.CoreModBaseTransformer/COREMOD]: Transforming net/minecraft/world/level/block/FlowerPotBlock
[31may2025 14:08:56.210] [pool-5-thread-1/DEBUG] [net.minecraftforge.coremod.transformer.CoreModBaseTransformer/COREMOD]: Transforming net/minecraft/world/effect/MobEffectInstance
[31may2025 14:08:56.472] [pool-5-thread-1/DEBUG] [net.minecraftforge.coremod.transformer.CoreModBaseTransformer/COREMOD]: Transforming net/minecraft/world/level/biome/Biome
[31may2025 14:08:57.265] [pool-5-thread-1/DEBUG] [net.minecraftforge.coremod.transformer.CoreModBaseTransformer/COREMOD]: Transforming net/minecraft/world/entity/animal/frog/Tadpole
[31may2025 14:08:57.266] [pool-5-thread-1/DEBUG] [net.minecraftforge.coremod.CoreMod.forge/COREMODLOG]: Redirecting method call finalizeSpawn(Lnet/minecraft/world/level/ServerLevelAccessor;Lnet/minecraft/world/DifficultyInstance;Lnet/minecraft/world/entity/EntitySpawnReason;Lnet/minecraft/world/entity/SpawnGroupData;)Lnet/minecraft/world/entity/SpawnGroupData; to onFinalizeSpawn(Lnet/minecraft/world/entity/Mob;Lnet/minecraft/world/level/ServerLevelAccessor;Lnet/minecraft/world/DifficultyInstance;Lnet/minecraft/world/entity/EntitySpawnReason;Lnet/minecraft/world/entity/SpawnGroupData;)Lnet/minecraft/world/entity/SpawnGroupData; inside of net/minecraft/world/entity/animal/frog/Tadpole.lambda$ageUp$1
[31may2025 14:08:57.350] [pool-5-thread-1/DEBUG] [net.minecraftforge.coremod.transformer.CoreModBaseTransformer/COREMOD]: Transforming net/minecraft/world/item/BucketItem
[31may2025 14:08:57.921] [pool-5-thread-1/DEBUG] [net.minecraftforge.coremod.transformer.CoreModBaseTransformer/COREMOD]: Transforming net/minecraft/world/entity/monster/Spider
[31may2025 14:08:57.923] [pool-5-thread-1/DEBUG] [net.minecraftforge.coremod.CoreMod.forge/COREMODLOG]: Redirecting method call finalizeSpawn(Lnet/minecraft/world/level/ServerLevelAccessor;Lnet/minecraft/world/DifficultyInstance;Lnet/minecraft/world/entity/EntitySpawnReason;Lnet/minecraft/world/entity/SpawnGroupData;)Lnet/minecraft/world/entity/SpawnGroupData; to onFinalizeSpawn(Lnet/minecraft/world/entity/Mob;Lnet/minecraft/world/level/ServerLevelAccessor;Lnet/minecraft/world/DifficultyInstance;Lnet/minecraft/world/entity/EntitySpawnReason;Lnet/minecraft/world/entity/SpawnGroupData;)Lnet/minecraft/world/entity/SpawnGroupData; inside of net/minecraft/world/entity/monster/Spider.finalizeSpawn
[31may2025 14:08:57.965] [pool-5-thread-1/DEBUG] [net.minecraftforge.coremod.transformer.CoreModBaseTransformer/COREMOD]: Transforming net/minecraft/world/entity/monster/Zombie
[31may2025 14:08:57.970] [pool-5-thread-1/DEBUG] [net.minecraftforge.coremod.CoreMod.forge/COREMODLOG]: Redirecting method call finalizeSpawn(Lnet/minecraft/world/level/ServerLevelAccessor;Lnet/minecraft/world/DifficultyInstance;Lnet/minecraft/world/entity/EntitySpawnReason;Lnet/minecraft/world/entity/SpawnGroupData;)Lnet/minecraft/world/entity/SpawnGroupData; to onFinalizeSpawn(Lnet/minecraft/world/entity/Mob;Lnet/minecraft/world/level/ServerLevelAccessor;Lnet/minecraft/world/DifficultyInstance;Lnet/minecraft/world/entity/EntitySpawnReason;Lnet/minecraft/world/entity/SpawnGroupData;)Lnet/minecraft/world/entity/SpawnGroupData; inside of net/minecraft/world/entity/monster/Zombie.hurtServer
[31may2025 14:08:57.977] [pool-5-thread-1/DEBUG] [net.minecraftforge.coremod.CoreMod.forge/COREMODLOG]: Redirecting method call finalizeSpawn(Lnet/minecraft/world/level/ServerLevelAccessor;Lnet/minecraft/world/DifficultyInstance;Lnet/minecraft/world/entity/EntitySpawnReason;Lnet/minecraft/world/entity/SpawnGroupData;)Lnet/minecraft/world/entity/SpawnGroupData; to onFinalizeSpawn(Lnet/minecraft/world/entity/Mob;Lnet/minecraft/world/level/ServerLevelAccessor;Lnet/minecraft/world/DifficultyInstance;Lnet/minecraft/world/entity/EntitySpawnReason;Lnet/minecraft/world/entity/SpawnGroupData;)Lnet/minecraft/world/entity/SpawnGroupData; inside of net/minecraft/world/entity/monster/Zombie.finalizeSpawn
[31may2025 14:08:57.981] [pool-5-thread-1/DEBUG] [net.minecraftforge.coremod.CoreMod.forge/COREMODLOG]: Redirecting method call finalizeSpawn(Lnet/minecraft/world/level/ServerLevelAccessor;Lnet/minecraft/world/DifficultyInstance;Lnet/minecraft/world/entity/EntitySpawnReason;Lnet/minecraft/world/entity/SpawnGroupData;)Lnet/minecraft/world/entity/SpawnGroupData; to onFinalizeSpawn(Lnet/minecraft/world/entity/Mob;Lnet/minecraft/world/level/ServerLevelAccessor;Lnet/minecraft/world/DifficultyInstance;Lnet/minecraft/world/entity/EntitySpawnReason;Lnet/minecraft/world/entity/SpawnGroupData;)Lnet/minecraft/world/entity/SpawnGroupData; inside of net/minecraft/world/entity/monster/Zombie.lambda$convertVillagerToZombieVillager$4
[31may2025 14:08:57.987] [pool-5-thread-1/DEBUG] [net.minecraftforge.coremod.transformer.CoreModBaseTransformer/COREMOD]: Transforming net/minecraft/world/entity/monster/ZombieVillager
[31may2025 14:08:57.991] [pool-5-thread-1/DEBUG] [net.minecraftforge.coremod.CoreMod.forge/COREMODLOG]: Redirecting method call finalizeSpawn(Lnet/minecraft/world/level/ServerLevelAccessor;Lnet/minecraft/world/DifficultyInstance;Lnet/minecraft/world/entity/EntitySpawnReason;Lnet/minecraft/world/entity/SpawnGroupData;)Lnet/minecraft/world/entity/SpawnGroupData; to onFinalizeSpawn(Lnet/minecraft/world/entity/Mob;Lnet/minecraft/world/level/ServerLevelAccessor;Lnet/minecraft/world/DifficultyInstance;Lnet/minecraft/world/entity/EntitySpawnReason;Lnet/minecraft/world/entity/SpawnGroupData;)Lnet/minecraft/world/entity/SpawnGroupData; inside of net/minecraft/world/entity/monster/ZombieVillager.lambda$finishConversion$3
[31may2025 14:08:57.995] [pool-5-thread-1/DEBUG] [net.minecraftforge.coremod.transformer.CoreModBaseTransformer/COREMOD]: Transforming net/minecraft/world/entity/npc/Villager
[31may2025 14:08:57.997] [pool-5-thread-1/DEBUG] [net.minecraftforge.coremod.CoreMod.forge/COREMODLOG]: Redirecting method call finalizeSpawn(Lnet/minecraft/world/level/ServerLevelAccessor;Lnet/minecraft/world/DifficultyInstance;Lnet/minecraft/world/entity/EntitySpawnReason;Lnet/minecraft/world/entity/SpawnGroupData;)Lnet/minecraft/world/entity/SpawnGroupData; to onFinalizeSpawn(Lnet/minecraft/world/entity/Mob;Lnet/minecraft/world/level/ServerLevelAccessor;Lnet/minecraft/world/DifficultyInstance;Lnet/minecraft/world/entity/EntitySpawnReason;Lnet/minecraft/world/entity/SpawnGroupData;)Lnet/minecraft/world/entity/SpawnGroupData; inside of net/minecraft/world/entity/npc/Villager.getBreedOffspring
[31may2025 14:08:57.999] [pool-5-thread-1/DEBUG] [net.minecraftforge.coremod.CoreMod.forge/COREMODLOG]: Redirecting method call finalizeSpawn(Lnet/minecraft/world/level/ServerLevelAccessor;Lnet/minecraft/world/DifficultyInstance;Lnet/minecraft/world/entity/EntitySpawnReason;Lnet/minecraft/world/entity/SpawnGroupData;)Lnet/minecraft/world/entity/SpawnGroupData; to onFinalizeSpawn(Lnet/minecraft/world/entity/Mob;Lnet/minecraft/world/level/ServerLevelAccessor;Lnet/minecraft/world/DifficultyInstance;Lnet/minecraft/world/entity/EntitySpawnReason;Lnet/minecraft/world/entity/SpawnGroupData;)Lnet/minecraft/world/entity/SpawnGroupData; inside of net/minecraft/world/entity/npc/Villager.lambda$thunderHit$8
[31may2025 14:08:58.041] [pool-5-thread-1/DEBUG] [net.minecraftforge.coremod.transformer.CoreModBaseTransformer/COREMOD]: Transforming net/minecraft/world/entity/monster/Evoker$EvokerSummonSpellGoal
[31may2025 14:08:58.044] [pool-5-thread-1/DEBUG] [net.minecraftforge.coremod.CoreMod.forge/COREMODLOG]: Redirecting method call finalizeSpawn(Lnet/minecraft/world/level/ServerLevelAccessor;Lnet/minecraft/world/DifficultyInstance;Lnet/minecraft/world/entity/EntitySpawnReason;Lnet/minecraft/world/entity/SpawnGroupData;)Lnet/minecraft/world/entity/SpawnGroupData; to onFinalizeSpawn(Lnet/minecraft/world/entity/Mob;Lnet/minecraft/world/level/ServerLevelAccessor;Lnet/minecraft/world/DifficultyInstance;Lnet/minecraft/world/entity/EntitySpawnReason;Lnet/minecraft/world/entity/SpawnGroupData;)Lnet/minecraft/world/entity/SpawnGroupData; inside of net/minecraft/world/entity/monster/Evoker$EvokerSummonSpellGoal.performSpellCasting
[31may2025 14:08:58.155] [pool-5-thread-1/DEBUG] [net.minecraftforge.coremod.transformer.CoreModBaseTransformer/COREMOD]: Transforming net/minecraft/world/entity/animal/horse/SkeletonTrapGoal
[31may2025 14:08:58.156] [pool-5-thread-1/DEBUG] [net.minecraftforge.coremod.CoreMod.forge/COREMODLOG]: Redirecting method call finalizeSpawn(Lnet/minecraft/world/level/ServerLevelAccessor;Lnet/minecraft/world/DifficultyInstance;Lnet/minecraft/world/entity/EntitySpawnReason;Lnet/minecraft/world/entity/SpawnGroupData;)Lnet/minecraft/world/entity/SpawnGroupData; to onFinalizeSpawn(Lnet/minecraft/world/entity/Mob;Lnet/minecraft/world/level/ServerLevelAccessor;Lnet/minecraft/world/DifficultyInstance;Lnet/minecraft/world/entity/EntitySpawnReason;Lnet/minecraft/world/entity/SpawnGroupData;)Lnet/minecraft/world/entity/SpawnGroupData; inside of net/minecraft/world/entity/animal/horse/SkeletonTrapGoal.createHorse
[31may2025 14:08:58.157] [pool-5-thread-1/DEBUG] [net.minecraftforge.coremod.CoreMod.forge/COREMODLOG]: Redirecting method call finalizeSpawn(Lnet/minecraft/world/level/ServerLevelAccessor;Lnet/minecraft/world/DifficultyInstance;Lnet/minecraft/world/entity/EntitySpawnReason;Lnet/minecraft/world/entity/SpawnGroupData;)Lnet/minecraft/world/entity/SpawnGroupData; to onFinalizeSpawn(Lnet/minecraft/world/entity/Mob;Lnet/minecraft/world/level/ServerLevelAccessor;Lnet/minecraft/world/DifficultyInstance;Lnet/minecraft/world/entity/EntitySpawnReason;Lnet/minecraft/world/entity/SpawnGroupData;)Lnet/minecraft/world/entity/SpawnGroupData; inside of net/minecraft/world/entity/animal/horse/SkeletonTrapGoal.createSkeleton
[31may2025 14:08:58.170] [pool-5-thread-1/DEBUG] [net.minecraftforge.coremod.transformer.CoreModBaseTransformer/COREMOD]: Transforming net/minecraft/world/entity/monster/Strider
[31may2025 14:08:58.170] [pool-5-thread-1/DEBUG] [net.minecraftforge.coremod.CoreMod.forge/COREMODLOG]: Redirecting method call finalizeSpawn(Lnet/minecraft/world/level/ServerLevelAccessor;Lnet/minecraft/world/DifficultyInstance;Lnet/minecraft/world/entity/EntitySpawnReason;Lnet/minecraft/world/entity/SpawnGroupData;)Lnet/minecraft/world/entity/SpawnGroupData; to onFinalizeSpawn(Lnet/minecraft/world/entity/Mob;Lnet/minecraft/world/level/ServerLevelAccessor;Lnet/minecraft/world/DifficultyInstance;Lnet/minecraft/world/entity/EntitySpawnReason;Lnet/minecraft/world/entity/SpawnGroupData;)Lnet/minecraft/world/entity/SpawnGroupData; inside of net/minecraft/world/entity/monster/Strider.spawnJockey
[31may2025 14:08:59.067] [pool-5-thread-1/DEBUG] [net.minecraftforge.coremod.transformer.CoreModBaseTransformer/COREMOD]: Transforming net/minecraft/world/level/levelgen/structure/structures/OceanRuinPieces$OceanRuinPiece
[31may2025 14:08:59.070] [pool-5-thread-1/DEBUG] [net.minecraftforge.coremod.CoreMod.forge/COREMODLOG]: Redirecting method call finalizeSpawn(Lnet/minecraft/world/level/ServerLevelAccessor;Lnet/minecraft/world/DifficultyInstance;Lnet/minecraft/world/entity/EntitySpawnReason;Lnet/minecraft/world/entity/SpawnGroupData;)Lnet/minecraft/world/entity/SpawnGroupData; to onFinalizeSpawn(Lnet/minecraft/world/entity/Mob;Lnet/minecraft/world/level/ServerLevelAccessor;Lnet/minecraft/world/DifficultyInstance;Lnet/minecraft/world/entity/EntitySpawnReason;Lnet/minecraft/world/entity/SpawnGroupData;)Lnet/minecraft/world/entity/SpawnGroupData; inside of net/minecraft/world/level/levelgen/structure/structures/OceanRuinPieces$OceanRuinPiece.handleDataMarker
[31may2025 14:08:59.077] [pool-5-thread-1/DEBUG] [net.minecraftforge.coremod.transformer.CoreModBaseTransformer/COREMOD]: Transforming net/minecraft/world/level/levelgen/structure/structures/SwampHutPiece
[31may2025 14:08:59.083] [pool-5-thread-1/DEBUG] [net.minecraftforge.coremod.CoreMod.forge/COREMODLOG]: Redirecting method call finalizeSpawn(Lnet/minecraft/world/level/ServerLevelAccessor;Lnet/minecraft/world/DifficultyInstance;Lnet/minecraft/world/entity/EntitySpawnReason;Lnet/minecraft/world/entity/SpawnGroupData;)Lnet/minecraft/world/entity/SpawnGroupData; to onFinalizeSpawn(Lnet/minecraft/world/entity/Mob;Lnet/minecraft/world/level/ServerLevelAccessor;Lnet/minecraft/world/DifficultyInstance;Lnet/minecraft/world/entity/EntitySpawnReason;Lnet/minecraft/world/entity/SpawnGroupData;)Lnet/minecraft/world/entity/SpawnGroupData; inside of net/minecraft/world/level/levelgen/structure/structures/SwampHutPiece.postProcess
[31may2025 14:08:59.085] [pool-5-thread-1/DEBUG] [net.minecraftforge.coremod.CoreMod.forge/COREMODLOG]: Redirecting method call finalizeSpawn(Lnet/minecraft/world/level/ServerLevelAccessor;Lnet/minecraft/world/DifficultyInstance;Lnet/minecraft/world/entity/EntitySpawnReason;Lnet/minecraft/world/entity/SpawnGroupData;)Lnet/minecraft/world/entity/SpawnGroupData; to onFinalizeSpawn(Lnet/minecraft/world/entity/Mob;Lnet/minecraft/world/level/ServerLevelAccessor;Lnet/minecraft/world/DifficultyInstance;Lnet/minecraft/world/entity/EntitySpawnReason;Lnet/minecraft/world/entity/SpawnGroupData;)Lnet/minecraft/world/entity/SpawnGroupData; inside of net/minecraft/world/level/levelgen/structure/structures/SwampHutPiece.spawnCat
[31may2025 14:08:59.092] [pool-5-thread-1/DEBUG] [net.minecraftforge.coremod.transformer.CoreModBaseTransformer/COREMOD]: Transforming net/minecraft/world/level/levelgen/structure/structures/OceanMonumentPieces$OceanMonumentPiece
[31may2025 14:08:59.094] [pool-5-thread-1/DEBUG] [net.minecraftforge.coremod.CoreMod.forge/COREMODLOG]: Redirecting method call finalizeSpawn(Lnet/minecraft/world/level/ServerLevelAccessor;Lnet/minecraft/world/DifficultyInstance;Lnet/minecraft/world/entity/EntitySpawnReason;Lnet/minecraft/world/entity/SpawnGroupData;)Lnet/minecraft/world/entity/SpawnGroupData; to onFinalizeSpawn(Lnet/minecraft/world/entity/Mob;Lnet/minecraft/world/level/ServerLevelAccessor;Lnet/minecraft/world/DifficultyInstance;Lnet/minecraft/world/entity/EntitySpawnReason;Lnet/minecraft/world/entity/SpawnGroupData;)Lnet/minecraft/world/entity/SpawnGroupData; inside of net/minecraft/world/level/levelgen/structure/structures/OceanMonumentPieces$OceanMonumentPiece.spawnElder
[31may2025 14:08:59.109] [pool-5-thread-1/DEBUG] [net.minecraftforge.coremod.transformer.CoreModBaseTransformer/COREMOD]: Transforming net/minecraft/world/level/levelgen/structure/structures/WoodlandMansionPieces$WoodlandMansionPiece
[31may2025 14:08:59.117] [pool-5-thread-1/DEBUG] [net.minecraftforge.coremod.CoreMod.forge/COREMODLOG]: Redirecting method call finalizeSpawn(Lnet/minecraft/world/level/ServerLevelAccessor;Lnet/minecraft/world/DifficultyInstance;Lnet/minecraft/world/entity/EntitySpawnReason;Lnet/minecraft/world/entity/SpawnGroupData;)Lnet/minecraft/world/entity/SpawnGroupData; to onFinalizeSpawn(Lnet/minecraft/world/entity/Mob;Lnet/minecraft/world/level/ServerLevelAccessor;Lnet/minecraft/world/DifficultyInstance;Lnet/minecraft/world/entity/EntitySpawnReason;Lnet/minecraft/world/entity/SpawnGroupData;)Lnet/minecraft/world/entity/SpawnGroupData; inside of net/minecraft/world/level/levelgen/structure/structures/WoodlandMansionPieces$WoodlandMansionPiece.handleDataMarker
[31may2025 14:08:59.906] [Render thread/WARN] [net.minecraft.server.packs.VanillaPackResourcesBuilder/]: Assets URL 'union:/C:/Users/ayrec/.gradle/caches/forge_gradle/minecraft_user_repo/net/minecraftforge/forge/1.21.5-55.0.21_mapped_official_1.21.5/forge-1.21.5-55.0.21_mapped_official_1.21.5.jar%230!/assets/.mcassetsroot' uses unexpected schema
[31may2025 14:08:59.907] [Render thread/WARN] [net.minecraft.server.packs.VanillaPackResourcesBuilder/]: Assets URL 'union:/C:/Users/ayrec/.gradle/caches/forge_gradle/minecraft_user_repo/net/minecraftforge/forge/1.21.5-55.0.21_mapped_official_1.21.5/forge-1.21.5-55.0.21_mapped_official_1.21.5.jar%230!/data/.mcassetsroot' uses unexpected schema
[31may2025 14:08:59.928] [Render thread/INFO] [com.mojang.authlib.yggdrasil.YggdrasilAuthenticationService/]: Environment: Environment[sessionHost=https://sessionserver.mojang.com, servicesHost=https://api.minecraftservices.com, name=PROD]
[31may2025 14:08:59.936] [Render thread/INFO] [net.minecraft.client.Minecraft/]: Setting user: Dev
[31may2025 14:09:00.015] [Render thread/INFO] [net.minecraft.client.Minecraft/]: Backend library: LWJGL version 3.3.3+5
[31may2025 14:09:00.173] [Render thread/INFO] [net.minecraft.client.Minecraft/]: Using optional rendering extensions: GL_KHR_debug, GL_ARB_vertex_attrib_binding, GL_ARB_direct_state_access
[31may2025 14:09:00.198] [Render thread/DEBUG] [net.minecraftforge.common.ForgeI18n/CORE]: Loading I18N data entries: 7374
[31may2025 14:09:00.200] [Render thread/DEBUG] [net.minecraftforge.fml.ModWorkManager/LOADING]: Using 16 threads for parallel mod-loading
[31may2025 14:09:00.209] [Render thread/DEBUG] [net.minecraftforge.fml.javafmlmod.FMLJavaModLanguageProvider/LOADING]: Loading FMLModContainer from classloader TransformingClassLoader[TRANSFORMER]@1740571776 - got SecureModuleClassLoader[LAYER PLUGIN]@1134601005
[31may2025 14:09:00.212] [Render thread/DEBUG] [net.minecraftforge.fml.javafmlmod.FMLModContainer/LOADING]: Creating FMLModContainer instance for net.minecraftforge.common.ForgeMod
[31may2025 14:09:00.215] [Render thread/DEBUG] [net.minecraftforge.fml.javafmlmod.FMLModContainer/LOADING]: Loaded modclass net.minecraftforge.forge/net.minecraftforge.common.ForgeMod with TransformingClassLoader[TRANSFORMER]@1740571776
[31may2025 14:09:00.216] [Render thread/DEBUG] [net.minecraftforge.fml.javafmlmod.FMLJavaModLanguageProvider/LOADING]: Loading FMLModContainer from classloader TransformingClassLoader[TRANSFORMER]@1740571776 - got SecureModuleClassLoader[LAYER PLUGIN]@1134601005
[31may2025 14:09:00.216] [Render thread/DEBUG] [net.minecraftforge.fml.javafmlmod.FMLModContainer/LOADING]: Creating FMLModContainer instance for com.cozary.colored_water.ColoredWaterForge
[31may2025 14:09:00.216] [Render thread/DEBUG] [net.minecraftforge.fml.javafmlmod.FMLModContainer/LOADING]: Loaded modclass colored_water/com.cozary.colored_water.ColoredWaterForge with TransformingClassLoader[TRANSFORMER]@1740571776
[31may2025 14:09:00.237] [modloading-worker-0/DEBUG] [Colored Water/]: Loaded com.cozary.colored_water.platform.ForgePlatformHelper@594a06e2 for service interface com.cozary.colored_water.platform.services.IPlatformHelper
[31may2025 14:09:00.238] [modloading-worker-0/DEBUG] [Colored Water/]: Loaded com.cozary.colored_water.ForgeRegistrationFactory@3274e0ae for service interface com.cozary.colored_water.init.RegistrationProvider$Factory
[31may2025 14:09:00.252] [modloading-worker-0/DEBUG] [net.minecraftforge.versions.forge.ForgeVersion/CORE]: Forge Version package package net.minecraftforge.versions.forge, Forge, version 0.0 from TransformingClassLoader[TRANSFORMER]@1740571776
[31may2025 14:09:00.253] [modloading-worker-0/DEBUG] [net.minecraftforge.versions.forge.ForgeVersion/CORE]: Found Forge version 55.0.21
[31may2025 14:09:00.253] [modloading-worker-0/DEBUG] [net.minecraftforge.versions.forge.ForgeVersion/CORE]: Found Forge spec 0.0
[31may2025 14:09:00.253] [modloading-worker-0/DEBUG] [net.minecraftforge.versions.forge.ForgeVersion/CORE]: Found Forge group net.minecraftforge
[31may2025 14:09:00.254] [modloading-worker-0/DEBUG] [net.minecraftforge.versions.mcp.MCPVersion/CORE]: MCP Version package package net.minecraftforge.versions.mcp, Minecraft, version 1.21.5 from TransformingClassLoader[TRANSFORMER]@1740571776
[31may2025 14:09:00.254] [modloading-worker-0/DEBUG] [net.minecraftforge.versions.mcp.MCPVersion/CORE]: Found MC version information 1.21.5
[31may2025 14:09:00.254] [modloading-worker-0/DEBUG] [net.minecraftforge.versions.mcp.MCPVersion/CORE]: Found MCP version information 20250325.155543
[31may2025 14:09:00.254] [modloading-worker-0/INFO] [net.minecraftforge.common.ForgeMod/FORGEMOD]: Forge mod loading, version 55.0.21, for MC 1.21.5 with MCP 20250325.155543
[31may2025 14:09:00.255] [modloading-worker-0/INFO] [net.minecraftforge.common.MinecraftForge/FORGE]: MinecraftForge v55.0.21 Initialized
[31may2025 14:09:00.288] [modloading-worker-0/INFO] [net.minecraftforge.common.ForgeMod/FORGEMOD]: Opening jdk.naming.dns/com.sun.jndi.dns to java.naming
[31may2025 14:09:00.290] [modloading-worker-0/DEBUG] [mixin/]: Mixing color.WhiteWaterMixin from colored_water.forge.mixins.json into com.cozary.colored_water.fluids.color.WhiteWater
[31may2025 14:09:00.295] [modloading-worker-0/DEBUG] [mixin/]: colored_water.forge.mixins.json:color.WhiteWaterMixin: Class version 65 required is higher than the class version supported by the current version of Mixin (JAVA_18 supports class version 62)
[31may2025 14:09:00.320] [modloading-worker-0/DEBUG] [mixin/]: Mixing condense.CondenseWhiteWaterMixin from colored_water.forge.mixins.json into com.cozary.colored_water.fluids.condense.CondenseWhiteWater
[31may2025 14:09:00.321] [modloading-worker-0/DEBUG] [mixin/]: colored_water.forge.mixins.json:condense.CondenseWhiteWaterMixin: Class version 65 required is higher than the class version supported by the current version of Mixin (JAVA_18 supports class version 62)
[31may2025 14:09:00.327] [modloading-worker-0/DEBUG] [mixin/]: Mixing luminous.LuminousWhiteWaterMixin from colored_water.forge.mixins.json into com.cozary.colored_water.fluids.luminous.LuminousWhiteWater
[31may2025 14:09:00.327] [modloading-worker-0/DEBUG] [mixin/]: colored_water.forge.mixins.json:luminous.LuminousWhiteWaterMixin: Class version 65 required is higher than the class version supported by the current version of Mixin (JAVA_18 supports class version 62)
[31may2025 14:09:00.333] [modloading-worker-0/DEBUG] [mixin/]: Mixing luminousCondense.LuminousCondenseWhiteWaterMixin from colored_water.forge.mixins.json into com.cozary.colored_water.fluids.luminousCondense.LuminousCondenseWhiteWater
[31may2025 14:09:00.334] [modloading-worker-0/DEBUG] [mixin/]: colored_water.forge.mixins.json:luminousCondense.LuminousCondenseWhiteWaterMixin: Class version 65 required is higher than the class version supported by the current version of Mixin (JAVA_18 supports class version 62)
[31may2025 14:09:00.339] [modloading-worker-0/DEBUG] [mixin/]: Mixing color.OrangeWaterMixin from colored_water.forge.mixins.json into com.cozary.colored_water.fluids.color.OrangeWater
[31may2025 14:09:00.340] [modloading-worker-0/DEBUG] [mixin/]: colored_water.forge.mixins.json:color.OrangeWaterMixin: Class version 65 required is higher than the class version supported by the current version of Mixin (JAVA_18 supports class version 62)
[31may2025 14:09:00.344] [modloading-worker-0/DEBUG] [mixin/]: Mixing condense.CondenseOrangeWaterMixin from colored_water.forge.mixins.json into com.cozary.colored_water.fluids.condense.CondenseOrangeWater
[31may2025 14:09:00.345] [modloading-worker-0/DEBUG] [mixin/]: colored_water.forge.mixins.json:condense.CondenseOrangeWaterMixin: Class version 65 required is higher than the class version supported by the current version of Mixin (JAVA_18 supports class version 62)
[31may2025 14:09:00.349] [modloading-worker-0/DEBUG] [io.netty.util.internal.PlatformDependent0/]: -Dio.netty.noUnsafe: false
[31may2025 14:09:00.349] [modloading-worker-0/DEBUG] [io.netty.util.internal.PlatformDependent0/]: Java version: 21
[31may2025 14:09:00.350] [modloading-worker-0/DEBUG] [io.netty.util.internal.PlatformDependent0/]: sun.misc.Unsafe.theUnsafe: available
[31may2025 14:09:00.350] [modloading-worker-0/DEBUG] [mixin/]: Mixing luminous.LuminousOrangeWaterMixin from colored_water.forge.mixins.json into com.cozary.colored_water.fluids.luminous.LuminousOrangeWater
[31may2025 14:09:00.350] [modloading-worker-0/DEBUG] [mixin/]: colored_water.forge.mixins.json:luminous.LuminousOrangeWaterMixin: Class version 65 required is higher than the class version supported by the current version of Mixin (JAVA_18 supports class version 62)
[31may2025 14:09:00.350] [modloading-worker-0/DEBUG] [io.netty.util.internal.PlatformDependent0/]: sun.misc.Unsafe base methods: all available
[31may2025 14:09:00.350] [modloading-worker-0/DEBUG] [io.netty.util.internal.PlatformDependent0/]: sun.misc.Unsafe.storeFence: available
[31may2025 14:09:00.351] [modloading-worker-0/DEBUG] [io.netty.util.internal.PlatformDependent0/]: java.nio.Buffer.address: available
[31may2025 14:09:00.355] [modloading-worker-0/DEBUG] [mixin/]: Mixing luminousCondense.LuminousCondenseOrangeWaterMixin from colored_water.forge.mixins.json into com.cozary.colored_water.fluids.luminousCondense.LuminousCondenseOrangeWater
[31may2025 14:09:00.355] [modloading-worker-0/DEBUG] [mixin/]: colored_water.forge.mixins.json:luminousCondense.LuminousCondenseOrangeWaterMixin: Class version 65 required is higher than the class version supported by the current version of Mixin (JAVA_18 supports class version 62)
[31may2025 14:09:00.360] [modloading-worker-0/DEBUG] [mixin/]: Mixing color.MagentaWaterMixin from colored_water.forge.mixins.json into com.cozary.colored_water.fluids.color.MagentaWater
[31may2025 14:09:00.351] [modloading-worker-0/DEBUG] [io.netty.util.internal.PlatformDependent0/]: direct buffer constructor: unavailable
java.lang.UnsupportedOperationException: Reflective setAccessible(true) disabled
	at SECURE-BOOTSTRAP/io.netty.common@4.1.118.Final/io.netty.util.internal.ReflectionUtil.trySetAccessible(ReflectionUtil.java:31) ~[netty-common-4.1.118.Final.jar:4.1.118.Final]
	at SECURE-BOOTSTRAP/io.netty.common@4.1.118.Final/io.netty.util.internal.PlatformDependent0$5.run(PlatformDependent0.java:332) ~[netty-common-4.1.118.Final.jar:4.1.118.Final]
	at java.base/java.security.AccessController.doPrivileged(AccessController.java:319) ~[?:?]
	at SECURE-BOOTSTRAP/io.netty.common@4.1.118.Final/io.netty.util.internal.PlatformDependent0.<clinit>(PlatformDependent0.java:325) ~[netty-common-4.1.118.Final.jar:4.1.118.Final]
	at SECURE-BOOTSTRAP/io.netty.common@4.1.118.Final/io.netty.util.internal.PlatformDependent.isAndroid(PlatformDependent.java:334) ~[netty-common-4.1.118.Final.jar:4.1.118.Final]
	at SECURE-BOOTSTRAP/io.netty.common@4.1.118.Final/io.netty.util.internal.PlatformDependent.<clinit>(PlatformDependent.java:90) ~[netty-common-4.1.118.Final.jar:4.1.118.Final]
	at SECURE-BOOTSTRAP/io.netty.common@4.1.118.Final/io.netty.util.ConstantPool.<init>(ConstantPool.java:34) ~[netty-common-4.1.118.Final.jar:4.1.118.Final]
	at SECURE-BOOTSTRAP/io.netty.common@4.1.118.Final/io.netty.util.AttributeKey$1.<init>(AttributeKey.java:27) ~[netty-common-4.1.118.Final.jar:4.1.118.Final]
	at SECURE-BOOTSTRAP/io.netty.common@4.1.118.Final/io.netty.util.AttributeKey.<clinit>(AttributeKey.java:27) ~[netty-common-4.1.118.Final.jar:4.1.118.Final]
	at TRANSFORMER/net.minecraftforge.forge@55.0.21/net.minecraftforge.network.NetworkInitialization.<clinit>(NetworkInitialization.java:27) ~[forge-1.21.5-55.0.21_mapped_official_1.21.5.jar:?]
	at TRANSFORMER/net.minecraftforge.forge@55.0.21/net.minecraftforge.common.ForgeMod.<init>(ForgeMod.java:379) ~[forge-1.21.5-55.0.21_mapped_official_1.21.5.jar:?]
	at java.base/jdk.internal.reflect.DirectConstructorHandleAccessor.newInstance(DirectConstructorHandleAccessor.java:62) ~[?:?]
	at java.base/java.lang.reflect.Constructor.newInstanceWithCaller(Constructor.java:502) ~[?:?]
	at java.base/java.lang.reflect.Constructor.newInstance(Constructor.java:486) ~[?:?]
	at LAYER PLUGIN/net.minecraftforge.javafmlmod@1.21.5-55.0.21/net.minecraftforge.fml.javafmlmod.FMLModContainer.constructMod(FMLModContainer.java:144) ~[javafmllanguage-1.21.5-55.0.21.jar!/:55.0.21]
	at LAYER PLUGIN/net.minecraftforge.fmlcore@1.21.5-55.0.21/net.minecraftforge.fml.ModStateTransitionHelper.lambda$addCompletableFutureTaskForModDispatch$5(ModStateTransitionHelper.java:117) ~[fmlcore-1.21.5-55.0.21.jar!/:1.0]
	at java.base/java.util.concurrent.CompletableFuture$UniRun.tryFire(CompletableFuture.java:787) [?:?]
	at java.base/java.util.concurrent.CompletableFuture$Completion.exec(CompletableFuture.java:483) [?:?]
	at java.base/java.util.concurrent.ForkJoinTask.doExec(ForkJoinTask.java:387) [?:?]
	at java.base/java.util.concurrent.ForkJoinPool$WorkQueue.topLevelExec(ForkJoinPool.java:1312) [?:?]
	at java.base/java.util.concurrent.ForkJoinPool.scan(ForkJoinPool.java:1843) [?:?]
	at java.base/java.util.concurrent.ForkJoinPool.runWorker(ForkJoinPool.java:1808) [?:?]
	at java.base/java.util.concurrent.ForkJoinWorkerThread.run(ForkJoinWorkerThread.java:188) [?:?]
[31may2025 14:09:00.361] [modloading-worker-0/DEBUG] [mixin/]: colored_water.forge.mixins.json:color.MagentaWaterMixin: Class version 65 required is higher than the class version supported by the current version of Mixin (JAVA_18 supports class version 62)
[31may2025 14:09:00.361] [modloading-worker-0/DEBUG] [io.netty.util.internal.PlatformDependent0/]: java.nio.Bits.unaligned: available, true
[31may2025 14:09:00.363] [modloading-worker-0/DEBUG] [io.netty.util.internal.PlatformDependent0/]: jdk.internal.misc.Unsafe.allocateUninitializedArray(int): unavailable
java.lang.IllegalAccessException: class io.netty.util.internal.PlatformDependent0$7 (in module io.netty.common) cannot access class jdk.internal.misc.Unsafe (in module java.base) because module java.base does not export jdk.internal.misc to module io.netty.common
	at java.base/jdk.internal.reflect.Reflection.newIllegalAccessException(Reflection.java:394) ~[?:?]
	at java.base/java.lang.reflect.AccessibleObject.checkAccess(AccessibleObject.java:714) ~[?:?]
	at java.base/java.lang.reflect.Method.invoke(Method.java:571) ~[?:?]
	at SECURE-BOOTSTRAP/io.netty.common@4.1.118.Final/io.netty.util.internal.PlatformDependent0$7.run(PlatformDependent0.java:468) ~[netty-common-4.1.118.Final.jar:4.1.118.Final]
	at java.base/java.security.AccessController.doPrivileged(AccessController.java:319) ~[?:?]
	at SECURE-BOOTSTRAP/io.netty.common@4.1.118.Final/io.netty.util.internal.PlatformDependent0.<clinit>(PlatformDependent0.java:459) ~[netty-common-4.1.118.Final.jar:4.1.118.Final]
	at SECURE-BOOTSTRAP/io.netty.common@4.1.118.Final/io.netty.util.internal.PlatformDependent.isAndroid(PlatformDependent.java:334) ~[netty-common-4.1.118.Final.jar:4.1.118.Final]
	at SECURE-BOOTSTRAP/io.netty.common@4.1.118.Final/io.netty.util.internal.PlatformDependent.<clinit>(PlatformDependent.java:90) ~[netty-common-4.1.118.Final.jar:4.1.118.Final]
	at SECURE-BOOTSTRAP/io.netty.common@4.1.118.Final/io.netty.util.ConstantPool.<init>(ConstantPool.java:34) ~[netty-common-4.1.118.Final.jar:4.1.118.Final]
	at SECURE-BOOTSTRAP/io.netty.common@4.1.118.Final/io.netty.util.AttributeKey$1.<init>(AttributeKey.java:27) ~[netty-common-4.1.118.Final.jar:4.1.118.Final]
	at SECURE-BOOTSTRAP/io.netty.common@4.1.118.Final/io.netty.util.AttributeKey.<clinit>(AttributeKey.java:27) ~[netty-common-4.1.118.Final.jar:4.1.118.Final]
	at TRANSFORMER/net.minecraftforge.forge@55.0.21/net.minecraftforge.network.NetworkInitialization.<clinit>(NetworkInitialization.java:27) ~[forge-1.21.5-55.0.21_mapped_official_1.21.5.jar:?]
	at TRANSFORMER/net.minecraftforge.forge@55.0.21/net.minecraftforge.common.ForgeMod.<init>(ForgeMod.java:379) ~[forge-1.21.5-55.0.21_mapped_official_1.21.5.jar:?]
	at java.base/jdk.internal.reflect.DirectConstructorHandleAccessor.newInstance(DirectConstructorHandleAccessor.java:62) ~[?:?]
	at java.base/java.lang.reflect.Constructor.newInstanceWithCaller(Constructor.java:502) ~[?:?]
	at java.base/java.lang.reflect.Constructor.newInstance(Constructor.java:486) ~[?:?]
	at LAYER PLUGIN/net.minecraftforge.javafmlmod@1.21.5-55.0.21/net.minecraftforge.fml.javafmlmod.FMLModContainer.constructMod(FMLModContainer.java:144) ~[javafmllanguage-1.21.5-55.0.21.jar!/:55.0.21]
	at LAYER PLUGIN/net.minecraftforge.fmlcore@1.21.5-55.0.21/net.minecraftforge.fml.ModStateTransitionHelper.lambda$addCompletableFutureTaskForModDispatch$5(ModStateTransitionHelper.java:117) ~[fmlcore-1.21.5-55.0.21.jar!/:1.0]
	at java.base/java.util.concurrent.CompletableFuture$UniRun.tryFire(CompletableFuture.java:787) [?:?]
	at java.base/java.util.concurrent.CompletableFuture$Completion.exec(CompletableFuture.java:483) [?:?]
	at java.base/java.util.concurrent.ForkJoinTask.doExec(ForkJoinTask.java:387) [?:?]
	at java.base/java.util.concurrent.ForkJoinPool$WorkQueue.topLevelExec(ForkJoinPool.java:1312) [?:?]
	at java.base/java.util.concurrent.ForkJoinPool.scan(ForkJoinPool.java:1843) [?:?]
	at java.base/java.util.concurrent.ForkJoinPool.runWorker(ForkJoinPool.java:1808) [?:?]
	at java.base/java.util.concurrent.ForkJoinWorkerThread.run(ForkJoinWorkerThread.java:188) [?:?]
[31may2025 14:09:00.365] [modloading-worker-0/DEBUG] [io.netty.util.internal.PlatformDependent0/]: java.nio.DirectByteBuffer.<init>(long, {int,long}): unavailable
[31may2025 14:09:00.365] [modloading-worker-0/DEBUG] [io.netty.util.internal.PlatformDependent/]: sun.misc.Unsafe: available
[31may2025 14:09:00.365] [modloading-worker-0/DEBUG] [io.netty.util.internal.PlatformDependent/]: -Dio.netty.tmpdir: C:\Users\ayrec\AppData\Local\Temp (java.io.tmpdir)
[31may2025 14:09:00.365] [modloading-worker-0/DEBUG] [io.netty.util.internal.PlatformDependent/]: -Dio.netty.bitMode: 64 (sun.arch.data.model)
[31may2025 14:09:00.365] [modloading-worker-0/DEBUG] [mixin/]: Mixing condense.CondenseMagentaWaterMixin from colored_water.forge.mixins.json into com.cozary.colored_water.fluids.condense.CondenseMagentaWater
[31may2025 14:09:00.366] [modloading-worker-0/DEBUG] [io.netty.util.internal.PlatformDependent/]: Platform: Windows
[31may2025 14:09:00.366] [modloading-worker-0/DEBUG] [mixin/]: colored_water.forge.mixins.json:condense.CondenseMagentaWaterMixin: Class version 65 required is higher than the class version supported by the current version of Mixin (JAVA_18 supports class version 62)
[31may2025 14:09:00.366] [modloading-worker-0/DEBUG] [io.netty.util.internal.PlatformDependent/]: -Dio.netty.maxDirectMemory: -1 bytes
[31may2025 14:09:00.366] [modloading-worker-0/DEBUG] [io.netty.util.internal.PlatformDependent/]: -Dio.netty.uninitializedArrayAllocationThreshold: -1
[31may2025 14:09:00.368] [modloading-worker-0/DEBUG] [io.netty.util.internal.CleanerJava9/]: java.nio.ByteBuffer.cleaner(): available
[31may2025 14:09:00.368] [modloading-worker-0/DEBUG] [io.netty.util.internal.PlatformDependent/]: -Dio.netty.noPreferDirect: false
[31may2025 14:09:00.375] [modloading-worker-0/DEBUG] [mixin/]: Mixing luminous.LuminousMagentaWaterMixin from colored_water.forge.mixins.json into com.cozary.colored_water.fluids.luminous.LuminousMagentaWater
[31may2025 14:09:00.375] [modloading-worker-0/DEBUG] [mixin/]: colored_water.forge.mixins.json:luminous.LuminousMagentaWaterMixin: Class version 65 required is higher than the class version supported by the current version of Mixin (JAVA_18 supports class version 62)
[31may2025 14:09:00.395] [modloading-worker-0/DEBUG] [mixin/]: Mixing luminousCondense.LuminousCondenseMagentaWaterMixin from colored_water.forge.mixins.json into com.cozary.colored_water.fluids.luminousCondense.LuminousCondenseMagentaWater
[31may2025 14:09:00.395] [modloading-worker-0/DEBUG] [mixin/]: colored_water.forge.mixins.json:luminousCondense.LuminousCondenseMagentaWaterMixin: Class version 65 required is higher than the class version supported by the current version of Mixin (JAVA_18 supports class version 62)
[31may2025 14:09:00.401] [modloading-worker-0/DEBUG] [mixin/]: Mixing color.LightBlueWaterMixin from colored_water.forge.mixins.json into com.cozary.colored_water.fluids.color.LightBlueWater
[31may2025 14:09:00.401] [modloading-worker-0/DEBUG] [mixin/]: colored_water.forge.mixins.json:color.LightBlueWaterMixin: Class version 65 required is higher than the class version supported by the current version of Mixin (JAVA_18 supports class version 62)
[31may2025 14:09:00.407] [modloading-worker-0/DEBUG] [mixin/]: Mixing condense.CondenseLightBlueWaterMixin from colored_water.forge.mixins.json into com.cozary.colored_water.fluids.condense.CondenseLightBlueWater
[31may2025 14:09:00.407] [modloading-worker-0/DEBUG] [mixin/]: colored_water.forge.mixins.json:condense.CondenseLightBlueWaterMixin: Class version 65 required is higher than the class version supported by the current version of Mixin (JAVA_18 supports class version 62)
[31may2025 14:09:00.412] [modloading-worker-0/DEBUG] [mixin/]: Mixing luminous.LuminousLightBlueWaterMixin from colored_water.forge.mixins.json into com.cozary.colored_water.fluids.luminous.LuminousLightBlueWater
[31may2025 14:09:00.413] [modloading-worker-0/DEBUG] [mixin/]: colored_water.forge.mixins.json:luminous.LuminousLightBlueWaterMixin: Class version 65 required is higher than the class version supported by the current version of Mixin (JAVA_18 supports class version 62)
[31may2025 14:09:00.419] [modloading-worker-0/DEBUG] [mixin/]: Mixing luminousCondense.LuminousCondenseLightBlueWaterMixin from colored_water.forge.mixins.json into com.cozary.colored_water.fluids.luminousCondense.LuminousCondenseLightBlueWater
[31may2025 14:09:00.419] [modloading-worker-0/DEBUG] [mixin/]: colored_water.forge.mixins.json:luminousCondense.LuminousCondenseLightBlueWaterMixin: Class version 65 required is higher than the class version supported by the current version of Mixin (JAVA_18 supports class version 62)
[31may2025 14:09:00.424] [modloading-worker-0/DEBUG] [mixin/]: Mixing color.YellowWaterMixin from colored_water.forge.mixins.json into com.cozary.colored_water.fluids.color.YellowWater
[31may2025 14:09:00.424] [modloading-worker-0/DEBUG] [mixin/]: colored_water.forge.mixins.json:color.YellowWaterMixin: Class version 65 required is higher than the class version supported by the current version of Mixin (JAVA_18 supports class version 62)
[31may2025 14:09:00.429] [modloading-worker-0/DEBUG] [mixin/]: Mixing condense.CondenseYellowWaterMixin from colored_water.forge.mixins.json into com.cozary.colored_water.fluids.condense.CondenseYellowWater
[31may2025 14:09:00.429] [modloading-worker-0/DEBUG] [mixin/]: colored_water.forge.mixins.json:condense.CondenseYellowWaterMixin: Class version 65 required is higher than the class version supported by the current version of Mixin (JAVA_18 supports class version 62)
[31may2025 14:09:00.434] [modloading-worker-0/DEBUG] [mixin/]: Mixing luminous.LuminousYellowWaterMixin from colored_water.forge.mixins.json into com.cozary.colored_water.fluids.luminous.LuminousYellowWater
[31may2025 14:09:00.434] [modloading-worker-0/DEBUG] [mixin/]: colored_water.forge.mixins.json:luminous.LuminousYellowWaterMixin: Class version 65 required is higher than the class version supported by the current version of Mixin (JAVA_18 supports class version 62)
[31may2025 14:09:00.439] [modloading-worker-0/DEBUG] [mixin/]: Mixing luminousCondense.LuminousCondenseYellowWaterMixin from colored_water.forge.mixins.json into com.cozary.colored_water.fluids.luminousCondense.LuminousCondenseYellowWater
[31may2025 14:09:00.439] [modloading-worker-0/DEBUG] [mixin/]: colored_water.forge.mixins.json:luminousCondense.LuminousCondenseYellowWaterMixin: Class version 65 required is higher than the class version supported by the current version of Mixin (JAVA_18 supports class version 62)
[31may2025 14:09:00.444] [modloading-worker-0/DEBUG] [mixin/]: Mixing color.LimeWaterMixin from colored_water.forge.mixins.json into com.cozary.colored_water.fluids.color.LimeWater
[31may2025 14:09:00.444] [modloading-worker-0/DEBUG] [mixin/]: colored_water.forge.mixins.json:color.LimeWaterMixin: Class version 65 required is higher than the class version supported by the current version of Mixin (JAVA_18 supports class version 62)
[31may2025 14:09:00.449] [modloading-worker-0/DEBUG] [mixin/]: Mixing condense.CondenseLimeWaterMixin from colored_water.forge.mixins.json into com.cozary.colored_water.fluids.condense.CondenseLimeWater
[31may2025 14:09:00.449] [modloading-worker-0/DEBUG] [mixin/]: colored_water.forge.mixins.json:condense.CondenseLimeWaterMixin: Class version 65 required is higher than the class version supported by the current version of Mixin (JAVA_18 supports class version 62)
[31may2025 14:09:00.455] [modloading-worker-0/DEBUG] [mixin/]: Mixing luminous.LuminousLimeWaterMixin from colored_water.forge.mixins.json into com.cozary.colored_water.fluids.luminous.LuminousLimeWater
[31may2025 14:09:00.455] [modloading-worker-0/DEBUG] [mixin/]: colored_water.forge.mixins.json:luminous.LuminousLimeWaterMixin: Class version 65 required is higher than the class version supported by the current version of Mixin (JAVA_18 supports class version 62)
[31may2025 14:09:00.459] [modloading-worker-0/DEBUG] [mixin/]: Mixing luminousCondense.LuminousCondenseLimeWaterMixin from colored_water.forge.mixins.json into com.cozary.colored_water.fluids.luminousCondense.LuminousCondenseLimeWater
[31may2025 14:09:00.460] [modloading-worker-0/DEBUG] [mixin/]: colored_water.forge.mixins.json:luminousCondense.LuminousCondenseLimeWaterMixin: Class version 65 required is higher than the class version supported by the current version of Mixin (JAVA_18 supports class version 62)
[31may2025 14:09:00.466] [modloading-worker-0/DEBUG] [mixin/]: Mixing color.PinkWaterMixin from colored_water.forge.mixins.json into com.cozary.colored_water.fluids.color.PinkWater
[31may2025 14:09:00.466] [modloading-worker-0/DEBUG] [net.minecraftforge.network.NetworkInitialization/FORGE_NETWORK]: Registering Network forge:login v0
[31may2025 14:09:00.466] [modloading-worker-0/DEBUG] [net.minecraftforge.network.NetworkInitialization/FORGE_NETWORK]: Registering Network forge:handshake v0
[31may2025 14:09:00.466] [modloading-worker-0/DEBUG] [net.minecraftforge.network.NetworkInitialization/FORGE_NETWORK]: Registering Network forge:handshake v0
[31may2025 14:09:00.466] [modloading-worker-0/DEBUG] [net.minecraftforge.network.NetworkInitialization/FORGE_NETWORK]: Registering Network forge:channel_registration v0
[31may2025 14:09:00.466] [modloading-worker-0/DEBUG] [mixin/]: colored_water.forge.mixins.json:color.PinkWaterMixin: Class version 65 required is higher than the class version supported by the current version of Mixin (JAVA_18 supports class version 62)
[31may2025 14:09:00.470] [modloading-worker-0/DEBUG] [mixin/]: Mixing condense.CondensePinkWaterMixin from colored_water.forge.mixins.json into com.cozary.colored_water.fluids.condense.CondensePinkWater
[31may2025 14:09:00.470] [modloading-worker-0/DEBUG] [mixin/]: colored_water.forge.mixins.json:condense.CondensePinkWaterMixin: Class version 65 required is higher than the class version supported by the current version of Mixin (JAVA_18 supports class version 62)
[31may2025 14:09:00.475] [modloading-worker-0/DEBUG] [mixin/]: Mixing luminous.LuminousPinkWaterMixin from colored_water.forge.mixins.json into com.cozary.colored_water.fluids.luminous.LuminousPinkWater
[31may2025 14:09:00.475] [modloading-worker-0/DEBUG] [mixin/]: colored_water.forge.mixins.json:luminous.LuminousPinkWaterMixin: Class version 65 required is higher than the class version supported by the current version of Mixin (JAVA_18 supports class version 62)
[31may2025 14:09:00.479] [modloading-worker-0/DEBUG] [mixin/]: Mixing luminousCondense.LuminousCondensePinkWaterMixin from colored_water.forge.mixins.json into com.cozary.colored_water.fluids.luminousCondense.LuminousCondensePinkWater
[31may2025 14:09:00.479] [modloading-worker-0/DEBUG] [mixin/]: colored_water.forge.mixins.json:luminousCondense.LuminousCondensePinkWaterMixin: Class version 65 required is higher than the class version supported by the current version of Mixin (JAVA_18 supports class version 62)
[31may2025 14:09:00.484] [modloading-worker-0/DEBUG] [mixin/]: Mixing color.GrayWaterMixin from colored_water.forge.mixins.json into com.cozary.colored_water.fluids.color.GrayWater
[31may2025 14:09:00.484] [modloading-worker-0/DEBUG] [mixin/]: colored_water.forge.mixins.json:color.GrayWaterMixin: Class version 65 required is higher than the class version supported by the current version of Mixin (JAVA_18 supports class version 62)
[31may2025 14:09:00.489] [modloading-worker-0/DEBUG] [mixin/]: Mixing condense.CondenseGrayWaterMixin from colored_water.forge.mixins.json into com.cozary.colored_water.fluids.condense.CondenseGrayWater
[31may2025 14:09:00.489] [modloading-worker-0/DEBUG] [mixin/]: colored_water.forge.mixins.json:condense.CondenseGrayWaterMixin: Class version 65 required is higher than the class version supported by the current version of Mixin (JAVA_18 supports class version 62)
[31may2025 14:09:00.494] [modloading-worker-0/DEBUG] [mixin/]: Mixing luminous.LuminousGrayWaterMixin from colored_water.forge.mixins.json into com.cozary.colored_water.fluids.luminous.LuminousGrayWater
[31may2025 14:09:00.494] [modloading-worker-0/DEBUG] [mixin/]: colored_water.forge.mixins.json:luminous.LuminousGrayWaterMixin: Class version 65 required is higher than the class version supported by the current version of Mixin (JAVA_18 supports class version 62)
[31may2025 14:09:00.498] [modloading-worker-0/DEBUG] [mixin/]: Mixing luminousCondense.LuminousCondenseGrayWaterMixin from colored_water.forge.mixins.json into com.cozary.colored_water.fluids.luminousCondense.LuminousCondenseGrayWater
[31may2025 14:09:00.499] [modloading-worker-0/DEBUG] [mixin/]: colored_water.forge.mixins.json:luminousCondense.LuminousCondenseGrayWaterMixin: Class version 65 required is higher than the class version supported by the current version of Mixin (JAVA_18 supports class version 62)
[31may2025 14:09:00.504] [modloading-worker-0/DEBUG] [mixin/]: Mixing color.LightGrayWaterMixin from colored_water.forge.mixins.json into com.cozary.colored_water.fluids.color.LightGrayWater
[31may2025 14:09:00.505] [modloading-worker-0/DEBUG] [mixin/]: colored_water.forge.mixins.json:color.LightGrayWaterMixin: Class version 65 required is higher than the class version supported by the current version of Mixin (JAVA_18 supports class version 62)
[31may2025 14:09:00.509] [modloading-worker-0/DEBUG] [mixin/]: Mixing condense.CondenseLightGrayWaterMixin from colored_water.forge.mixins.json into com.cozary.colored_water.fluids.condense.CondenseLightGrayWater
[31may2025 14:09:00.509] [modloading-worker-0/DEBUG] [mixin/]: colored_water.forge.mixins.json:condense.CondenseLightGrayWaterMixin: Class version 65 required is higher than the class version supported by the current version of Mixin (JAVA_18 supports class version 62)
[31may2025 14:09:00.511] [modloading-worker-0/DEBUG] [net.minecraftforge.fml.config.ConfigTracker/CONFIG]: Config file forge-client.toml for forge tracking
[31may2025 14:09:00.512] [modloading-worker-0/DEBUG] [net.minecraftforge.fml.config.ConfigTracker/CONFIG]: Config file forge-server.toml for forge tracking
[31may2025 14:09:00.512] [modloading-worker-0/DEBUG] [net.minecraftforge.fml.config.ConfigTracker/CONFIG]: Config file forge-common.toml for forge tracking
[31may2025 14:09:00.514] [modloading-worker-0/DEBUG] [mixin/]: Mixing luminous.LuminousLightGrayWaterMixin from colored_water.forge.mixins.json into com.cozary.colored_water.fluids.luminous.LuminousLightGrayWater
[31may2025 14:09:00.514] [modloading-worker-0/DEBUG] [mixin/]: colored_water.forge.mixins.json:luminous.LuminousLightGrayWaterMixin: Class version 65 required is higher than the class version supported by the current version of Mixin (JAVA_18 supports class version 62)
[31may2025 14:09:00.518] [modloading-worker-0/DEBUG] [mixin/]: Mixing luminousCondense.LuminousCondenseLightGrayWaterMixin from colored_water.forge.mixins.json into com.cozary.colored_water.fluids.luminousCondense.LuminousCondenseLightGrayWater
[31may2025 14:09:00.519] [modloading-worker-0/DEBUG] [mixin/]: colored_water.forge.mixins.json:luminousCondense.LuminousCondenseLightGrayWaterMixin: Class version 65 required is higher than the class version supported by the current version of Mixin (JAVA_18 supports class version 62)
[31may2025 14:09:00.522] [modloading-worker-0/DEBUG] [mixin/]: Mixing color.CyanWaterMixin from colored_water.forge.mixins.json into com.cozary.colored_water.fluids.color.CyanWater
[31may2025 14:09:00.522] [modloading-worker-0/DEBUG] [mixin/]: colored_water.forge.mixins.json:color.CyanWaterMixin: Class version 65 required is higher than the class version supported by the current version of Mixin (JAVA_18 supports class version 62)
[31may2025 14:09:00.526] [modloading-worker-0/DEBUG] [mixin/]: Mixing condense.CondenseCyanWaterMixin from colored_water.forge.mixins.json into com.cozary.colored_water.fluids.condense.CondenseCyanWater
[31may2025 14:09:00.526] [modloading-worker-0/DEBUG] [mixin/]: colored_water.forge.mixins.json:condense.CondenseCyanWaterMixin: Class version 65 required is higher than the class version supported by the current version of Mixin (JAVA_18 supports class version 62)
[31may2025 14:09:00.529] [modloading-worker-0/DEBUG] [mixin/]: Mixing luminous.LuminousCyanWaterMixin from colored_water.forge.mixins.json into com.cozary.colored_water.fluids.luminous.LuminousCyanWater
[31may2025 14:09:00.529] [modloading-worker-0/DEBUG] [mixin/]: colored_water.forge.mixins.json:luminous.LuminousCyanWaterMixin: Class version 65 required is higher than the class version supported by the current version of Mixin (JAVA_18 supports class version 62)
[31may2025 14:09:00.533] [modloading-worker-0/DEBUG] [mixin/]: Mixing luminousCondense.LuminousCondenseCyanWaterMixin from colored_water.forge.mixins.json into com.cozary.colored_water.fluids.luminousCondense.LuminousCondenseCyanWater
[31may2025 14:09:00.533] [modloading-worker-0/DEBUG] [mixin/]: colored_water.forge.mixins.json:luminousCondense.LuminousCondenseCyanWaterMixin: Class version 65 required is higher than the class version supported by the current version of Mixin (JAVA_18 supports class version 62)
[31may2025 14:09:00.536] [modloading-worker-0/DEBUG] [mixin/]: Mixing color.PurpleWaterMixin from colored_water.forge.mixins.json into com.cozary.colored_water.fluids.color.PurpleWater
[31may2025 14:09:00.536] [modloading-worker-0/DEBUG] [mixin/]: colored_water.forge.mixins.json:color.PurpleWaterMixin: Class version 65 required is higher than the class version supported by the current version of Mixin (JAVA_18 supports class version 62)
[31may2025 14:09:00.539] [modloading-worker-0/DEBUG] [mixin/]: Mixing condense.CondensePurpleWaterMixin from colored_water.forge.mixins.json into com.cozary.colored_water.fluids.condense.CondensePurpleWater
[31may2025 14:09:00.540] [modloading-worker-0/DEBUG] [mixin/]: colored_water.forge.mixins.json:condense.CondensePurpleWaterMixin: Class version 65 required is higher than the class version supported by the current version of Mixin (JAVA_18 supports class version 62)
[31may2025 14:09:00.544] [modloading-worker-0/DEBUG] [mixin/]: Mixing luminous.LuminousPurpleWaterMixin from colored_water.forge.mixins.json into com.cozary.colored_water.fluids.luminous.LuminousPurpleWater
[31may2025 14:09:00.544] [modloading-worker-0/DEBUG] [mixin/]: colored_water.forge.mixins.json:luminous.LuminousPurpleWaterMixin: Class version 65 required is higher than the class version supported by the current version of Mixin (JAVA_18 supports class version 62)
[31may2025 14:09:00.548] [modloading-worker-0/DEBUG] [net.minecraftforge.fml.javafmlmod.AutomaticEventSubscriber/LOADING]: Attempting to inject @EventBusSubscriber classes into the eventbus for forge
[31may2025 14:09:00.549] [modloading-worker-0/DEBUG] [mixin/]: Mixing luminousCondense.LuminousCondensePurpleWaterMixin from colored_water.forge.mixins.json into com.cozary.colored_water.fluids.luminousCondense.LuminousCondensePurpleWater
[31may2025 14:09:00.549] [modloading-worker-0/DEBUG] [mixin/]: colored_water.forge.mixins.json:luminousCondense.LuminousCondensePurpleWaterMixin: Class version 65 required is higher than the class version supported by the current version of Mixin (JAVA_18 supports class version 62)
[31may2025 14:09:00.552] [modloading-worker-0/DEBUG] [net.minecraftforge.fml.javafmlmod.AutomaticEventSubscriber/LOADING]: Auto-subscribing net.minecraftforge.client.model.data.ModelDataManager to FORGE
[31may2025 14:09:00.553] [modloading-worker-0/DEBUG] [mixin/]: Mixing color.BlueWaterMixin from colored_water.forge.mixins.json into com.cozary.colored_water.fluids.color.BlueWater
[31may2025 14:09:00.553] [modloading-worker-0/DEBUG] [mixin/]: colored_water.forge.mixins.json:color.BlueWaterMixin: Class version 65 required is higher than the class version supported by the current version of Mixin (JAVA_18 supports class version 62)
[31may2025 14:09:00.556] [modloading-worker-0/DEBUG] [net.minecraftforge.fml.javafmlmod.AutomaticEventSubscriber/LOADING]: Auto-subscribing net.minecraftforge.client.ClientForgeMod to MOD
[31may2025 14:09:00.558] [modloading-worker-0/DEBUG] [mixin/]: Mixing condense.CondenseBlueWaterMixin from colored_water.forge.mixins.json into com.cozary.colored_water.fluids.condense.CondenseBlueWater
[31may2025 14:09:00.558] [modloading-worker-0/DEBUG] [mixin/]: colored_water.forge.mixins.json:condense.CondenseBlueWaterMixin: Class version 65 required is higher than the class version supported by the current version of Mixin (JAVA_18 supports class version 62)
[31may2025 14:09:00.563] [modloading-worker-0/DEBUG] [mixin/]: Mixing luminous.LuminousBlueWaterMixin from colored_water.forge.mixins.json into com.cozary.colored_water.fluids.luminous.LuminousBlueWater
[31may2025 14:09:00.564] [modloading-worker-0/DEBUG] [mixin/]: colored_water.forge.mixins.json:luminous.LuminousBlueWaterMixin: Class version 65 required is higher than the class version supported by the current version of Mixin (JAVA_18 supports class version 62)
[31may2025 14:09:00.569] [modloading-worker-0/DEBUG] [mixin/]: Mixing luminousCondense.LuminousCondenseBlueWaterMixin from colored_water.forge.mixins.json into com.cozary.colored_water.fluids.luminousCondense.LuminousCondenseBlueWater
[31may2025 14:09:00.569] [modloading-worker-0/DEBUG] [mixin/]: colored_water.forge.mixins.json:luminousCondense.LuminousCondenseBlueWaterMixin: Class version 65 required is higher than the class version supported by the current version of Mixin (JAVA_18 supports class version 62)
[31may2025 14:09:00.574] [modloading-worker-0/DEBUG] [mixin/]: Mixing color.BrownWaterMixin from colored_water.forge.mixins.json into com.cozary.colored_water.fluids.color.BrownWater
[31may2025 14:09:00.574] [modloading-worker-0/DEBUG] [mixin/]: colored_water.forge.mixins.json:color.BrownWaterMixin: Class version 65 required is higher than the class version supported by the current version of Mixin (JAVA_18 supports class version 62)
[31may2025 14:09:00.580] [modloading-worker-0/DEBUG] [mixin/]: Mixing condense.CondenseBrownWaterMixin from colored_water.forge.mixins.json into com.cozary.colored_water.fluids.condense.CondenseBrownWater
[31may2025 14:09:00.580] [modloading-worker-0/DEBUG] [mixin/]: colored_water.forge.mixins.json:condense.CondenseBrownWaterMixin: Class version 65 required is higher than the class version supported by the current version of Mixin (JAVA_18 supports class version 62)
[31may2025 14:09:00.585] [modloading-worker-0/DEBUG] [mixin/]: Mixing luminous.LuminousBrownWaterMixin from colored_water.forge.mixins.json into com.cozary.colored_water.fluids.luminous.LuminousBrownWater
[31may2025 14:09:00.585] [modloading-worker-0/DEBUG] [mixin/]: colored_water.forge.mixins.json:luminous.LuminousBrownWaterMixin: Class version 65 required is higher than the class version supported by the current version of Mixin (JAVA_18 supports class version 62)
[31may2025 14:09:00.589] [modloading-worker-0/DEBUG] [mixin/]: Mixing luminousCondense.LuminousCondenseBrownWaterMixin from colored_water.forge.mixins.json into com.cozary.colored_water.fluids.luminousCondense.LuminousCondenseBrownWater
[31may2025 14:09:00.589] [modloading-worker-0/DEBUG] [mixin/]: colored_water.forge.mixins.json:luminousCondense.LuminousCondenseBrownWaterMixin: Class version 65 required is higher than the class version supported by the current version of Mixin (JAVA_18 supports class version 62)
[31may2025 14:09:00.595] [modloading-worker-0/DEBUG] [mixin/]: Mixing color.GreenWaterMixin from colored_water.forge.mixins.json into com.cozary.colored_water.fluids.color.GreenWater
[31may2025 14:09:00.595] [modloading-worker-0/DEBUG] [mixin/]: colored_water.forge.mixins.json:color.GreenWaterMixin: Class version 65 required is higher than the class version supported by the current version of Mixin (JAVA_18 supports class version 62)
[31may2025 14:09:00.599] [modloading-worker-0/DEBUG] [mixin/]: Mixing condense.CondenseGreenWaterMixin from colored_water.forge.mixins.json into com.cozary.colored_water.fluids.condense.CondenseGreenWater
[31may2025 14:09:00.599] [modloading-worker-0/DEBUG] [mixin/]: colored_water.forge.mixins.json:condense.CondenseGreenWaterMixin: Class version 65 required is higher than the class version supported by the current version of Mixin (JAVA_18 supports class version 62)
[31may2025 14:09:00.605] [modloading-worker-0/DEBUG] [mixin/]: Mixing luminous.LuminousGreenWaterMixin from colored_water.forge.mixins.json into com.cozary.colored_water.fluids.luminous.LuminousGreenWater
[31may2025 14:09:00.605] [modloading-worker-0/DEBUG] [mixin/]: colored_water.forge.mixins.json:luminous.LuminousGreenWaterMixin: Class version 65 required is higher than the class version supported by the current version of Mixin (JAVA_18 supports class version 62)
[31may2025 14:09:00.610] [modloading-worker-0/DEBUG] [mixin/]: Mixing luminousCondense.LuminousCondenseGreenWaterMixin from colored_water.forge.mixins.json into com.cozary.colored_water.fluids.luminousCondense.LuminousCondenseGreenWater
[31may2025 14:09:00.610] [modloading-worker-0/DEBUG] [mixin/]: colored_water.forge.mixins.json:luminousCondense.LuminousCondenseGreenWaterMixin: Class version 65 required is higher than the class version supported by the current version of Mixin (JAVA_18 supports class version 62)
[31may2025 14:09:00.615] [modloading-worker-0/DEBUG] [mixin/]: Mixing color.RedWaterMixin from colored_water.forge.mixins.json into com.cozary.colored_water.fluids.color.RedWater
[31may2025 14:09:00.616] [modloading-worker-0/DEBUG] [mixin/]: colored_water.forge.mixins.json:color.RedWaterMixin: Class version 65 required is higher than the class version supported by the current version of Mixin (JAVA_18 supports class version 62)
[31may2025 14:09:00.621] [modloading-worker-0/DEBUG] [mixin/]: Mixing condense.CondenseRedWaterMixin from colored_water.forge.mixins.json into com.cozary.colored_water.fluids.condense.CondenseRedWater
[31may2025 14:09:00.621] [modloading-worker-0/DEBUG] [mixin/]: colored_water.forge.mixins.json:condense.CondenseRedWaterMixin: Class version 65 required is higher than the class version supported by the current version of Mixin (JAVA_18 supports class version 62)
[31may2025 14:09:00.625] [modloading-worker-0/DEBUG] [mixin/]: Mixing luminous.LuminousRedWaterMixin from colored_water.forge.mixins.json into com.cozary.colored_water.fluids.luminous.LuminousRedWater
[31may2025 14:09:00.625] [modloading-worker-0/DEBUG] [mixin/]: colored_water.forge.mixins.json:luminous.LuminousRedWaterMixin: Class version 65 required is higher than the class version supported by the current version of Mixin (JAVA_18 supports class version 62)
[31may2025 14:09:00.630] [modloading-worker-0/DEBUG] [mixin/]: Mixing luminousCondense.LuminousCondenseRedWaterMixin from colored_water.forge.mixins.json into com.cozary.colored_water.fluids.luminousCondense.LuminousCondenseRedWater
[31may2025 14:09:00.630] [modloading-worker-0/DEBUG] [mixin/]: colored_water.forge.mixins.json:luminousCondense.LuminousCondenseRedWaterMixin: Class version 65 required is higher than the class version supported by the current version of Mixin (JAVA_18 supports class version 62)
[31may2025 14:09:00.636] [modloading-worker-0/DEBUG] [mixin/]: Mixing color.BlackWaterMixin from colored_water.forge.mixins.json into com.cozary.colored_water.fluids.color.BlackWater
[31may2025 14:09:00.636] [modloading-worker-0/DEBUG] [mixin/]: colored_water.forge.mixins.json:color.BlackWaterMixin: Class version 65 required is higher than the class version supported by the current version of Mixin (JAVA_18 supports class version 62)
[31may2025 14:09:00.640] [modloading-worker-0/DEBUG] [mixin/]: Mixing condense.CondenseBlackWaterMixin from colored_water.forge.mixins.json into com.cozary.colored_water.fluids.condense.CondenseBlackWater
[31may2025 14:09:00.641] [modloading-worker-0/DEBUG] [mixin/]: colored_water.forge.mixins.json:condense.CondenseBlackWaterMixin: Class version 65 required is higher than the class version supported by the current version of Mixin (JAVA_18 supports class version 62)
[31may2025 14:09:00.644] [modloading-worker-0/DEBUG] [mixin/]: Mixing luminous.LuminousBlackWaterMixin from colored_water.forge.mixins.json into com.cozary.colored_water.fluids.luminous.LuminousBlackWater
[31may2025 14:09:00.645] [modloading-worker-0/DEBUG] [mixin/]: colored_water.forge.mixins.json:luminous.LuminousBlackWaterMixin: Class version 65 required is higher than the class version supported by the current version of Mixin (JAVA_18 supports class version 62)
[31may2025 14:09:00.648] [modloading-worker-0/DEBUG] [mixin/]: Mixing luminousCondense.LuminousCondenseBlackWaterMixin from colored_water.forge.mixins.json into com.cozary.colored_water.fluids.luminousCondense.LuminousCondenseBlackWater
[31may2025 14:09:00.648] [modloading-worker-0/DEBUG] [mixin/]: colored_water.forge.mixins.json:luminousCondense.LuminousCondenseBlackWaterMixin: Class version 65 required is higher than the class version supported by the current version of Mixin (JAVA_18 supports class version 62)
[31may2025 14:09:00.671] [modloading-worker-0/DEBUG] [net.minecraftforge.fml.javafmlmod.AutomaticEventSubscriber/LOADING]: Attempting to inject @EventBusSubscriber classes into the eventbus for colored_water
[31may2025 14:09:00.671] [modloading-worker-0/DEBUG] [net.minecraftforge.fml.javafmlmod.AutomaticEventSubscriber/LOADING]: Auto-subscribing com.cozary.colored_water.client.ParticleRegister to MOD
[31may2025 14:09:00.691] [Render thread/DEBUG] [net.minecraftforge.common.capabilities.CapabilityManager/CAPABILITIES]: Attempting to automatically register: Lnet/minecraftforge/energy/IEnergyStorage;
[31may2025 14:09:00.692] [Render thread/DEBUG] [net.minecraftforge.common.capabilities.CapabilityManager/CAPABILITIES]: Attempting to automatically register: Lnet/minecraftforge/fluids/capability/IFluidHandler;
[31may2025 14:09:00.692] [Render thread/DEBUG] [net.minecraftforge.common.capabilities.CapabilityManager/CAPABILITIES]: Attempting to automatically register: Lnet/minecraftforge/fluids/capability/IFluidHandlerItem;
[31may2025 14:09:00.692] [Render thread/DEBUG] [net.minecraftforge.common.capabilities.CapabilityManager/CAPABILITIES]: Attempting to automatically register: Lnet/minecraftforge/items/IItemHandler;
[31may2025 14:09:00.975] [Render thread/DEBUG] [net.minecraftforge.resource.ResourcePackLoader/CORE]: Generating PackInfo named mod:forge for mod file /
[31may2025 14:09:00.976] [Render thread/DEBUG] [net.minecraftforge.resource.ResourcePackLoader/CORE]: Generating PackInfo named mod:colored_water for mod file C:\Users\ayrec\OneDrive\Escritorio\Minecraft Modding\Mods\Colored-Water\forge\build\sourcesSets\main
[31may2025 14:09:01.454] [Render thread/INFO] [net.minecraft.server.packs.resources.ReloadableResourceManager/]: Reloading ResourceManager: vanilla, mod_resources
[31may2025 14:09:01.471] [modloading-worker-0/DEBUG] [net.minecraftforge.fml.config.ConfigTracker/CONFIG]: Loading configs type CLIENT
[31may2025 14:09:01.475] [modloading-worker-0/DEBUG] [net.minecraftforge.fml.config.ConfigFileTypeHandler/CONFIG]: Built TOML config for C:\Users\ayrec\OneDrive\Escritorio\Minecraft Modding\Mods\Colored-Water\forge\runs\client\config\forge-client.toml
[31may2025 14:09:01.476] [modloading-worker-0/DEBUG] [net.minecraftforge.fml.config.ConfigFileTypeHandler/CONFIG]: Loaded TOML config file C:\Users\ayrec\OneDrive\Escritorio\Minecraft Modding\Mods\Colored-Water\forge\runs\client\config\forge-client.toml
[31may2025 14:09:01.476] [modloading-worker-0/DEBUG] [net.minecraftforge.fml.config.ConfigFileTypeHandler/CONFIG]: Starting watcher for handler: ConfigFileTypeHandler[CLIENT]
[31may2025 14:09:01.493] [modloading-worker-0/DEBUG] [net.minecraftforge.fml.config.ConfigFileTypeHandler/CONFIG]: Watching TOML config file C:\Users\ayrec\OneDrive\Escritorio\Minecraft Modding\Mods\Colored-Water\forge\runs\client\config\forge-client.toml for changes
[31may2025 14:09:01.498] [modloading-worker-0/WARN] [net.minecraftforge.common.ForgeConfigSpec/CORE]: Configuration file C:\Users\ayrec\OneDrive\Escritorio\Minecraft Modding\Mods\Colored-Water\forge\runs\client\config\forge-client.toml is not correct. Correcting
[31may2025 14:09:01.500] [modloading-worker-0/WARN] [net.minecraftforge.common.ForgeConfigSpec/CORE]: Incorrect key client.experimentalForgeLightPipelineEnabled was corrected from false to its default, null. 
[31may2025 14:09:01.501] [modloading-worker-0/DEBUG] [net.minecraftforge.common.ForgeConfig/FORGEMOD]: Loaded forge config file forge-client.toml
[31may2025 14:09:01.502] [modloading-worker-0/DEBUG] [net.minecraftforge.fml.config.ConfigTracker/CONFIG]: Loading configs type COMMON
[31may2025 14:09:01.502] [modloading-worker-0/DEBUG] [net.minecraftforge.fml.config.ConfigFileTypeHandler/CONFIG]: Built TOML config for C:\Users\ayrec\OneDrive\Escritorio\Minecraft Modding\Mods\Colored-Water\forge\runs\client\config\forge-common.toml
[31may2025 14:09:01.503] [modloading-worker-0/DEBUG] [net.minecraftforge.fml.config.ConfigFileTypeHandler/CONFIG]: Loaded TOML config file C:\Users\ayrec\OneDrive\Escritorio\Minecraft Modding\Mods\Colored-Water\forge\runs\client\config\forge-common.toml
[31may2025 14:09:01.503] [modloading-worker-0/DEBUG] [net.minecraftforge.fml.config.ConfigFileTypeHandler/CONFIG]: Starting watcher for handler: ConfigFileTypeHandler[COMMON]
[31may2025 14:09:01.505] [modloading-worker-0/DEBUG] [net.minecraftforge.fml.config.ConfigFileTypeHandler/CONFIG]: Watching TOML config file C:\Users\ayrec\OneDrive\Escritorio\Minecraft Modding\Mods\Colored-Water\forge\runs\client\config\forge-common.toml for changes
[31may2025 14:09:01.505] [modloading-worker-0/DEBUG] [net.minecraftforge.common.ForgeConfig/FORGEMOD]: Loaded forge config file forge-common.toml
[31may2025 14:09:01.516] [Download-1/INFO] [com.mojang.realmsclient.client.RealmsClient/]: Could not authorize you against Realms server: Invalid session id
[31may2025 14:09:01.518] [Download-1/ERROR] [com.mojang.realmsclient.client.RealmsClient/]: Failed to fetch Realms feature flags
com.mojang.realmsclient.exception.RealmsServiceException: Realms authentication error with message 'Invalid session id'
	at TRANSFORMER/minecraft@1.21.5/com.mojang.realmsclient.client.RealmsClient.execute(RealmsClient.java:495) ~[forge-1.21.5-55.0.21_mapped_official_1.21.5.jar%230!/:?]
	at TRANSFORMER/minecraft@1.21.5/com.mojang.realmsclient.client.RealmsClient.fetchFeatureFlags(RealmsClient.java:177) ~[forge-1.21.5-55.0.21_mapped_official_1.21.5.jar%230!/:?]
	at java.base/java.util.concurrent.CompletableFuture$AsyncSupply.run(CompletableFuture.java:1768) ~[?:?]
	at java.base/java.util.concurrent.ThreadPoolExecutor.runWorker(ThreadPoolExecutor.java:1144) ~[?:?]
	at java.base/java.util.concurrent.ThreadPoolExecutor$Worker.run(ThreadPoolExecutor.java:642) ~[?:?]
	at java.base/java.lang.Thread.run(Thread.java:1583) [?:?]
[31may2025 14:09:01.556] [Worker-Main-13/INFO] [net.minecraft.client.gui.font.providers.UnihexProvider/]: Found unifont_all_no_pua-16.0.01.hex, loading
[31may2025 14:09:01.591] [Render thread/DEBUG] [net.minecraftforge.fml.DeferredWorkQueue/LOADING]: Dispatching synchronous work for work queue COMMON_SETUP: 1 jobs
[31may2025 14:09:01.673] [Forge Version Check/INFO] [net.minecraftforge.fml.VersionChecker/]: [forge] Starting version check at https://files.minecraftforge.net/net/minecraftforge/forge/promotions_slim.json
[31may2025 14:09:01.768] [Worker-Main-8/INFO] [net.minecraft.client.gui.font.providers.UnihexProvider/]: Found unifont_jp_patch-16.0.01.hex, loading
[31may2025 14:09:01.802] [Render thread/DEBUG] [net.minecraftforge.fml.DeferredWorkQueue/LOADING]: Synchronous work queue completed in 208.1 ms
[31may2025 14:09:02.343] [Forge Version Check/DEBUG] [net.minecraftforge.fml.VersionChecker/]: [forge] Received version check data:
{
  "homepage": "https://files.minecraftforge.net/net/minecraftforge/forge/",
  "promos": {
    "1.1-latest": "1.3.4.29",
    "1.2.3-latest": "1.4.1.64",
    "1.2.4-latest": "2.0.0.68",
    "1.2.5-latest": "3.4.9.171",
    "1.3.2-latest": "4.3.5.318",
    "1.4.0-latest": "5.0.0.326",
    "1.4.1-latest": "6.0.0.329",
    "1.4.2-latest": "6.0.1.355",
    "1.4.3-latest": "6.2.1.358",
    "1.4.4-latest": "6.3.0.378",
    "1.4.5-latest": "6.4.2.448",
    "1.4.6-latest": "6.5.0.489",
    "1.4.7-latest": "6.6.2.534",
    "1.5-latest": "7.7.0.598",
    "1.5.1-latest": "7.7.2.682",
    "1.5.2-latest": "7.8.1.738",
    "1.5.2-recommended": "7.8.1.738",
    "1.6.1-latest": "8.9.0.775",
    "1.6.2-latest": "9.10.1.871",
    "1.6.2-recommended": "9.10.1.871",
    "1.6.3-latest": "9.11.0.878",
    "1.6.4-latest": "9.11.1.1345",
    "1.6.4-recommended": "9.11.1.1345",
    "1.7.2-latest": "10.12.2.1161",
    "1.7.2-recommended": "10.12.2.1161",
    "1.7.10_pre4-latest": "10.12.2.1149",
    "1.7.10-latest": "10.13.4.1614",
    "1.7.10-recommended": "10.13.4.1614",
    "1.8-latest": "11.14.4.1577",
    "1.8-recommended": "11.14.4.1563",
    "1.8.8-latest": "11.15.0.1655",
    "1.8.9-latest": "11.15.1.2318",
    "1.8.9-recommended": "11.15.1.2318",
    "1.9-latest": "12.16.1.1938",
    "1.9-recommended": "12.16.1.1887",
    "1.9.4-latest": "12.17.0.2317",
    "1.9.4-recommended": "12.17.0.2317",
    "1.10-latest": "12.18.0.2000",
    "1.10.2-latest": "12.18.3.2511",
    "1.10.2-recommended": "12.18.3.2511",
    "1.11-latest": "13.19.1.2199",
    "1.11-recommended": "13.19.1.2189",
    "1.11.2-latest": "13.20.1.2588",
    "1.11.2-recommended": "13.20.1.2588",
    "1.12-latest": "14.21.1.2443",
    "1.12-recommended": "14.21.1.2387",
    "1.12.1-latest": "14.22.1.2485",
    "1.12.1-recommended": "14.22.1.2478",
    "1.12.2-latest": "14.23.5.2860",
    "1.12.2-recommended": "14.23.5.2859",
    "1.13.2-latest": "25.0.223",
    "1.14.2-latest": "26.0.63",
    "1.14.3-latest": "27.0.60",
    "1.14.4-latest": "28.2.26",
    "1.14.4-recommended": "28.2.26",
    "1.15-latest": "29.0.4",
    "1.15.1-latest": "30.0.51",
    "1.15.2-latest": "31.2.57",
    "1.15.2-recommended": "31.2.57",
    "1.16.1-latest": "32.0.108",
    "1.16.2-latest": "33.0.61",
    "1.16.3-latest": "34.1.42",
    "1.16.3-recommended": "34.1.0",
    "1.16.4-latest": "35.1.37",
    "1.16.4-recommended": "35.1.4",
    "1.16.5-latest": "36.2.42",
    "1.16.5-recommended": "36.2.34",
    "1.17.1-latest": "37.1.1",
    "1.17.1-recommended": "37.1.1",
    "1.18-latest": "38.0.17",
    "1.18.1-latest": "39.1.2",
    "1.18.1-recommended": "39.1.0",
    "1.18.2-recommended": "40.3.0",
    "1.18.2-latest": "40.3.10",
    "1.19-latest": "41.1.0",
    "1.19-recommended": "41.1.0",
    "1.19.1-latest": "42.0.9",
    "1.19.2-recommended": "43.5.0",
    "1.19.2-latest": "43.5.0",
    "1.19.3-latest": "44.1.23",
    "1.19.3-recommended": "44.1.0",
    "1.19.4-recommended": "45.4.0",
    "1.19.4-latest": "45.4.0",
    "1.20-latest": "46.0.14",
    "1.20.1-recommended": "47.4.0",
    "1.20.1-latest": "47.4.1",
    "1.20.2-latest": "48.1.0",
    "1.20.2-recommended": "48.1.0",
    "1.20.3-latest": "49.0.2",
    "1.20.4-latest": "49.2.0",
    "1.20.4-recommended": "49.2.0",
    "1.20.6-latest": "50.2.0",
    "1.20.6-recommended": "50.2.0",
    "1.21-latest": "51.0.33",
    "1.21.1-latest": "52.1.1",
    "1.21.1-recommended": "52.1.0",
    "1.21.3-latest": "53.1.1",
    "1.21.3-recommended": "53.1.0",
    "1.21.4-latest": "54.1.3",
    "1.21.4-recommended": "54.1.0",
    "1.21.5-latest": "55.0.21"
  }
}
[31may2025 14:09:02.344] [Forge Version Check/INFO] [net.minecraftforge.fml.VersionChecker/]: [forge] Found status: BETA Current: 55.0.21 Target: 55.0.21
[31may2025 14:09:02.491] [Worker-Main-15/WARN] [net.minecraft.client.resources.model.ModelManager/]: Missing textures in model colored_water:block/condense_lime_water_block:
    minecraft:textures/atlas/blocks.png:colored_water:block/condense_lime_water_block
[31may2025 14:09:02.491] [Worker-Main-15/WARN] [net.minecraft.client.resources.model.ModelManager/]: Missing textures in model colored_water:block/condense_light_blue_water_block:
    minecraft:textures/atlas/blocks.png:colored_water:block/condense_light_blue_water_block
[31may2025 14:09:02.491] [Worker-Main-15/WARN] [net.minecraft.client.resources.model.ModelManager/]: Missing textures in model colored_water:block/cyan_water_block:
    minecraft:textures/atlas/blocks.png:colored_water:block/cyan_water_block
[31may2025 14:09:02.492] [Worker-Main-15/WARN] [net.minecraft.client.resources.model.ModelManager/]: Missing textures in model colored_water:block/white_water_block:
    minecraft:textures/atlas/blocks.png:colored_water:block/white_water_block
[31may2025 14:09:02.492] [Worker-Main-15/WARN] [net.minecraft.client.resources.model.ModelManager/]: Missing textures in model colored_water:block/condense_black_water_block:
    minecraft:textures/atlas/blocks.png:colored_water:block/condense_black_water_block
[31may2025 14:09:02.492] [Worker-Main-15/WARN] [net.minecraft.client.resources.model.ModelManager/]: Missing textures in model colored_water:block/condense_yellow_water_block:
    minecraft:textures/atlas/blocks.png:colored_water:block/condense_yellow_water_block
[31may2025 14:09:02.492] [Worker-Main-15/WARN] [net.minecraft.client.resources.model.ModelManager/]: Missing textures in model colored_water:block/condense_cyan_water_block:
    minecraft:textures/atlas/blocks.png:colored_water:block/condense_cyan_water_block
[31may2025 14:09:02.492] [Worker-Main-15/WARN] [net.minecraft.client.resources.model.ModelManager/]: Missing textures in model colored_water:block/light_gray_water_block:
    minecraft:textures/atlas/blocks.png:colored_water:block/light_gray_water_block
[31may2025 14:09:02.492] [Worker-Main-15/WARN] [net.minecraft.client.resources.model.ModelManager/]: Missing textures in model colored_water:block/luminous_condense_orange_water_block:
    minecraft:textures/atlas/blocks.png:colored_water:block/luminous_condense_orange_water_block
[31may2025 14:09:02.492] [Worker-Main-15/WARN] [net.minecraft.client.resources.model.ModelManager/]: Missing textures in model colored_water:block/luminous_light_gray_water_block:
    minecraft:textures/atlas/blocks.png:colored_water:block/luminous_light_gray_water_block
[31may2025 14:09:02.492] [Worker-Main-15/WARN] [net.minecraft.client.resources.model.ModelManager/]: Missing textures in model colored_water:block/condense_white_water_block:
    minecraft:textures/atlas/blocks.png:colored_water:block/condense_white_water_block
[31may2025 14:09:02.492] [Worker-Main-15/WARN] [net.minecraft.client.resources.model.ModelManager/]: Missing textures in model colored_water:block/luminous_condense_white_water_block:
    minecraft:textures/atlas/blocks.png:colored_water:block/luminous_condense_white_water_block
[31may2025 14:09:02.493] [Worker-Main-15/WARN] [net.minecraft.client.resources.model.ModelManager/]: Missing textures in model colored_water:block/luminous_condense_gray_water_block:
    minecraft:textures/atlas/blocks.png:colored_water:block/luminous_condense_gray_water_block
[31may2025 14:09:02.493] [Worker-Main-15/WARN] [net.minecraft.client.resources.model.ModelManager/]: Missing textures in model colored_water:block/luminous_condense_light_blue_water_block:
    minecraft:textures/atlas/blocks.png:colored_water:block/luminous_condense_light_blue_water_block
[31may2025 14:09:02.493] [Worker-Main-15/WARN] [net.minecraft.client.resources.model.ModelManager/]: Missing textures in model colored_water:block/condense_orange_water_block:
    minecraft:textures/atlas/blocks.png:colored_water:block/condense_orange_water_block
[31may2025 14:09:02.493] [Worker-Main-15/WARN] [net.minecraft.client.resources.model.ModelManager/]: Missing textures in model colored_water:block/luminous_condense_blue_water_block:
    minecraft:textures/atlas/blocks.png:colored_water:block/luminous_condense_blue_water_block
[31may2025 14:09:02.493] [Worker-Main-15/WARN] [net.minecraft.client.resources.model.ModelManager/]: Missing textures in model colored_water:block/luminous_condense_red_water_block:
    minecraft:textures/atlas/blocks.png:colored_water:block/luminous_condense_red_water_block
[31may2025 14:09:02.493] [Worker-Main-15/WARN] [net.minecraft.client.resources.model.ModelManager/]: Missing textures in model colored_water:block/condense_gray_water_block:
    minecraft:textures/atlas/blocks.png:colored_water:block/condense_gray_water_block
[31may2025 14:09:02.493] [Worker-Main-15/WARN] [net.minecraft.client.resources.model.ModelManager/]: Missing textures in model colored_water:block/luminous_green_water_block:
    minecraft:textures/atlas/blocks.png:colored_water:block/luminous_green_water_block
[31may2025 14:09:02.493] [Worker-Main-15/WARN] [net.minecraft.client.resources.model.ModelManager/]: Missing textures in model colored_water:block/luminous_orange_water_block:
    minecraft:textures/atlas/blocks.png:colored_water:block/luminous_orange_water_block
[31may2025 14:09:02.493] [Worker-Main-15/WARN] [net.minecraft.client.resources.model.ModelManager/]: Missing textures in model colored_water:block/luminous_condense_yellow_water_block:
    minecraft:textures/atlas/blocks.png:colored_water:block/luminous_condense_yellow_water_block
[31may2025 14:09:02.493] [Worker-Main-15/WARN] [net.minecraft.client.resources.model.ModelManager/]: Missing textures in model colored_water:block/condense_pink_water_block:
    minecraft:textures/atlas/blocks.png:colored_water:block/condense_pink_water_block
[31may2025 14:09:02.493] [Worker-Main-15/WARN] [net.minecraft.client.resources.model.ModelManager/]: Missing textures in model colored_water:block/condense_brown_water_block:
    minecraft:textures/atlas/blocks.png:colored_water:block/condense_brown_water_block
[31may2025 14:09:02.493] [Worker-Main-15/WARN] [net.minecraft.client.resources.model.ModelManager/]: Missing textures in model colored_water:block/luminous_condense_magenta_water_block:
    minecraft:textures/atlas/blocks.png:colored_water:block/luminous_condense_magenta_water_block
[31may2025 14:09:02.493] [Worker-Main-15/WARN] [net.minecraft.client.resources.model.ModelManager/]: Missing textures in model colored_water:block/condense_green_water_block:
    minecraft:textures/atlas/blocks.png:colored_water:block/condense_green_water_block
[31may2025 14:09:02.494] [Worker-Main-15/WARN] [net.minecraft.client.resources.model.ModelManager/]: Missing textures in model colored_water:block/luminous_light_blue_water_block:
    minecraft:textures/atlas/blocks.png:colored_water:block/luminous_light_blue_water_block
[31may2025 14:09:02.494] [Worker-Main-15/WARN] [net.minecraft.client.resources.model.ModelManager/]: Missing textures in model colored_water:block/luminous_condense_pink_water_block:
    minecraft:textures/atlas/blocks.png:colored_water:block/luminous_condense_pink_water_block
[31may2025 14:09:02.494] [Worker-Main-15/WARN] [net.minecraft.client.resources.model.ModelManager/]: Missing textures in model colored_water:block/luminous_yellow_water_block:
    minecraft:textures/atlas/blocks.png:colored_water:block/luminous_yellow_water_block
[31may2025 14:09:02.494] [Worker-Main-15/WARN] [net.minecraft.client.resources.model.ModelManager/]: Missing textures in model colored_water:block/lime_water_block:
    minecraft:textures/atlas/blocks.png:colored_water:block/lime_water_block
[31may2025 14:09:02.494] [Worker-Main-15/WARN] [net.minecraft.client.resources.model.ModelManager/]: Missing textures in model colored_water:block/luminous_cyan_water_block:
    minecraft:textures/atlas/blocks.png:colored_water:block/luminous_cyan_water_block
[31may2025 14:09:02.494] [Worker-Main-15/WARN] [net.minecraft.client.resources.model.ModelManager/]: Missing textures in model colored_water:block/magenta_water_block:
    minecraft:textures/atlas/blocks.png:colored_water:block/magenta_water_block
[31may2025 14:09:02.494] [Worker-Main-15/WARN] [net.minecraft.client.resources.model.ModelManager/]: Missing textures in model colored_water:block/condense_red_water_block:
    minecraft:textures/atlas/blocks.png:colored_water:block/condense_red_water_block
[31may2025 14:09:02.494] [Worker-Main-15/WARN] [net.minecraft.client.resources.model.ModelManager/]: Missing textures in model colored_water:block/luminous_lime_water_block:
    minecraft:textures/atlas/blocks.png:colored_water:block/luminous_lime_water_block
[31may2025 14:09:02.495] [Worker-Main-15/WARN] [net.minecraft.client.resources.model.ModelManager/]: Missing textures in model colored_water:block/luminous_white_water_block:
    minecraft:textures/atlas/blocks.png:colored_water:block/luminous_white_water_block
[31may2025 14:09:02.495] [Worker-Main-15/WARN] [net.minecraft.client.resources.model.ModelManager/]: Missing textures in model colored_water:block/luminous_black_water_block:
    minecraft:textures/atlas/blocks.png:colored_water:block/luminous_black_water_block
[31may2025 14:09:02.495] [Worker-Main-15/WARN] [net.minecraft.client.resources.model.ModelManager/]: Missing textures in model colored_water:block/condense_blue_water_block:
    minecraft:textures/atlas/blocks.png:colored_water:block/condense_blue_water_block
[31may2025 14:09:02.495] [Worker-Main-15/WARN] [net.minecraft.client.resources.model.ModelManager/]: Missing textures in model colored_water:block/blue_water_block:
    minecraft:textures/atlas/blocks.png:colored_water:block/blue_water_block
[31may2025 14:09:02.495] [Worker-Main-15/WARN] [net.minecraft.client.resources.model.ModelManager/]: Missing textures in model colored_water:block/yellow_water_block:
    minecraft:textures/atlas/blocks.png:colored_water:block/yellow_water_block
[31may2025 14:09:02.495] [Worker-Main-15/WARN] [net.minecraft.client.resources.model.ModelManager/]: Missing textures in model colored_water:block/luminous_brown_water_block:
    minecraft:textures/atlas/blocks.png:colored_water:block/luminous_brown_water_block
[31may2025 14:09:02.495] [Worker-Main-15/WARN] [net.minecraft.client.resources.model.ModelManager/]: Missing textures in model colored_water:block/condense_magenta_water_block:
    minecraft:textures/atlas/blocks.png:colored_water:block/condense_magenta_water_block
[31may2025 14:09:02.495] [Worker-Main-15/WARN] [net.minecraft.client.resources.model.ModelManager/]: Missing textures in model colored_water:block/luminous_red_water_block:
    minecraft:textures/atlas/blocks.png:colored_water:block/luminous_red_water_block
[31may2025 14:09:02.495] [Worker-Main-15/WARN] [net.minecraft.client.resources.model.ModelManager/]: Missing textures in model colored_water:block/orange_water_block:
    minecraft:textures/atlas/blocks.png:colored_water:block/orange_water_block
[31may2025 14:09:02.495] [Worker-Main-15/WARN] [net.minecraft.client.resources.model.ModelManager/]: Missing textures in model colored_water:block/luminous_condense_lime_water_block:
    minecraft:textures/atlas/blocks.png:colored_water:block/luminous_condense_lime_water_block
[31may2025 14:09:02.495] [Worker-Main-15/WARN] [net.minecraft.client.resources.model.ModelManager/]: Missing textures in model colored_water:block/luminous_magenta_water_block:
    minecraft:textures/atlas/blocks.png:colored_water:block/luminous_magenta_water_block
[31may2025 14:09:02.495] [Worker-Main-15/WARN] [net.minecraft.client.resources.model.ModelManager/]: Missing textures in model colored_water:block/condense_light_gray_water_block:
    minecraft:textures/atlas/blocks.png:colored_water:block/condense_light_gray_water_block
[31may2025 14:09:02.496] [Worker-Main-15/WARN] [net.minecraft.client.resources.model.ModelManager/]: Missing textures in model colored_water:block/luminous_condense_brown_water_block:
    minecraft:textures/atlas/blocks.png:colored_water:block/luminous_condense_brown_water_block
[31may2025 14:09:02.496] [Worker-Main-15/WARN] [net.minecraft.client.resources.model.ModelManager/]: Missing textures in model colored_water:block/pink_water_block:
    minecraft:textures/atlas/blocks.png:colored_water:block/pink_water_block
[31may2025 14:09:02.496] [Worker-Main-15/WARN] [net.minecraft.client.resources.model.ModelManager/]: Missing textures in model colored_water:block/green_water_block:
    minecraft:textures/atlas/blocks.png:colored_water:block/green_water_block
[31may2025 14:09:02.496] [Worker-Main-15/WARN] [net.minecraft.client.resources.model.ModelManager/]: Missing textures in model colored_water:block/luminous_gray_water_block:
    minecraft:textures/atlas/blocks.png:colored_water:block/luminous_gray_water_block
[31may2025 14:09:02.496] [Worker-Main-15/WARN] [net.minecraft.client.resources.model.ModelManager/]: Missing textures in model colored_water:block/luminous_condense_light_gray_water_block:
    minecraft:textures/atlas/blocks.png:colored_water:block/luminous_condense_light_gray_water_block
[31may2025 14:09:02.496] [Worker-Main-15/WARN] [net.minecraft.client.resources.model.ModelManager/]: Missing textures in model colored_water:block/luminous_condense_black_water_block:
    minecraft:textures/atlas/blocks.png:colored_water:block/luminous_condense_black_water_block
[31may2025 14:09:02.496] [Worker-Main-15/WARN] [net.minecraft.client.resources.model.ModelManager/]: Missing textures in model colored_water:block/condense_purple_water_block:
    minecraft:textures/atlas/blocks.png:colored_water:block/condense_purple_water_block
[31may2025 14:09:02.496] [Worker-Main-15/WARN] [net.minecraft.client.resources.model.ModelManager/]: Missing textures in model colored_water:block/luminous_purple_water_block:
    minecraft:textures/atlas/blocks.png:colored_water:block/luminous_purple_water_block
[31may2025 14:09:02.497] [Worker-Main-15/WARN] [net.minecraft.client.resources.model.ModelManager/]: Missing textures in model colored_water:block/luminous_condense_cyan_water_block:
    minecraft:textures/atlas/blocks.png:colored_water:block/luminous_condense_cyan_water_block
[31may2025 14:09:02.497] [Worker-Main-15/WARN] [net.minecraft.client.resources.model.ModelManager/]: Missing textures in model colored_water:block/purple_water_block:
    minecraft:textures/atlas/blocks.png:colored_water:block/purple_water_block
[31may2025 14:09:02.497] [Worker-Main-15/WARN] [net.minecraft.client.resources.model.ModelManager/]: Missing textures in model colored_water:block/luminous_blue_water_block:
    minecraft:textures/atlas/blocks.png:colored_water:block/luminous_blue_water_block
[31may2025 14:09:02.497] [Worker-Main-15/WARN] [net.minecraft.client.resources.model.ModelManager/]: Missing textures in model colored_water:block/red_water_block:
    minecraft:textures/atlas/blocks.png:colored_water:block/red_water_block
[31may2025 14:09:02.497] [Worker-Main-15/WARN] [net.minecraft.client.resources.model.ModelManager/]: Missing textures in model colored_water:block/black_water_block:
    minecraft:textures/atlas/blocks.png:colored_water:block/black_water_block
[31may2025 14:09:02.497] [Worker-Main-15/WARN] [net.minecraft.client.resources.model.ModelManager/]: Missing textures in model colored_water:block/luminous_condense_green_water_block:
    minecraft:textures/atlas/blocks.png:colored_water:block/luminous_condense_green_water_block
[31may2025 14:09:02.498] [Worker-Main-15/WARN] [net.minecraft.client.resources.model.ModelManager/]: Missing textures in model colored_water:block/brown_water_block:
    minecraft:textures/atlas/blocks.png:colored_water:block/brown_water_block
[31may2025 14:09:02.498] [Worker-Main-15/WARN] [net.minecraft.client.resources.model.ModelManager/]: Missing textures in model colored_water:block/luminous_pink_water_block:
    minecraft:textures/atlas/blocks.png:colored_water:block/luminous_pink_water_block
[31may2025 14:09:02.498] [Worker-Main-15/WARN] [net.minecraft.client.resources.model.ModelManager/]: Missing textures in model colored_water:block/light_blue_water_block:
    minecraft:textures/atlas/blocks.png:colored_water:block/light_blue_water_block
[31may2025 14:09:02.498] [Worker-Main-15/WARN] [net.minecraft.client.resources.model.ModelManager/]: Missing textures in model colored_water:block/gray_water_block:
    minecraft:textures/atlas/blocks.png:colored_water:block/gray_water_block
[31may2025 14:09:02.498] [Worker-Main-15/WARN] [net.minecraft.client.resources.model.ModelManager/]: Missing textures in model colored_water:block/luminous_condense_purple_water_block:
    minecraft:textures/atlas/blocks.png:colored_water:block/luminous_condense_purple_water_block
[31may2025 14:09:03.747] [Render thread/DEBUG] [net.minecraftforge.common.ForgeI18n/CORE]: Loading I18N data entries: 7417
[31may2025 14:09:03.791] [Render thread/WARN] [com.mojang.blaze3d.opengl.GlProgram/]: minecraft:pipeline/entity_translucent_emissive shader program does not use sampler Sampler2 defined in the pipeline. This might be a bug.
[31may2025 14:09:03.805] [Render thread/WARN] [net.minecraft.client.sounds.SoundEngine/]: Missing sound for event: minecraft:block.cactus_flower.break
[31may2025 14:09:03.806] [Render thread/WARN] [net.minecraft.client.sounds.SoundEngine/]: Missing sound for event: minecraft:block.cactus_flower.place
[31may2025 14:09:03.806] [Render thread/WARN] [net.minecraft.client.sounds.SoundEngine/]: Missing sound for event: minecraft:block.deadbush.idle
[31may2025 14:09:03.806] [Render thread/WARN] [net.minecraft.client.sounds.SoundEngine/]: Missing sound for event: minecraft:block.firefly_bush.idle
[31may2025 14:09:03.806] [Render thread/WARN] [net.minecraft.client.sounds.SoundEngine/]: Missing sound for event: minecraft:block.iron.break
[31may2025 14:09:03.806] [Render thread/WARN] [net.minecraft.client.sounds.SoundEngine/]: Missing sound for event: minecraft:block.iron.step
[31may2025 14:09:03.806] [Render thread/WARN] [net.minecraft.client.sounds.SoundEngine/]: Missing sound for event: minecraft:block.iron.place
[31may2025 14:09:03.806] [Render thread/WARN] [net.minecraft.client.sounds.SoundEngine/]: Missing sound for event: minecraft:block.iron.hit
[31may2025 14:09:03.806] [Render thread/WARN] [net.minecraft.client.sounds.SoundEngine/]: Missing sound for event: minecraft:block.iron.fall
[31may2025 14:09:03.807] [Render thread/WARN] [net.minecraft.client.sounds.SoundEngine/]: Missing sound for event: minecraft:block.leaf_litter.break
[31may2025 14:09:03.807] [Render thread/WARN] [net.minecraft.client.sounds.SoundEngine/]: Missing sound for event: minecraft:block.leaf_litter.step
[31may2025 14:09:03.807] [Render thread/WARN] [net.minecraft.client.sounds.SoundEngine/]: Missing sound for event: minecraft:block.leaf_litter.place
[31may2025 14:09:03.807] [Render thread/WARN] [net.minecraft.client.sounds.SoundEngine/]: Missing sound for event: minecraft:block.leaf_litter.hit
[31may2025 14:09:03.807] [Render thread/WARN] [net.minecraft.client.sounds.SoundEngine/]: Missing sound for event: minecraft:block.leaf_litter.fall
[31may2025 14:09:03.807] [Render thread/WARN] [net.minecraft.client.sounds.SoundEngine/]: Missing sound for event: minecraft:block.sand.idle
[31may2025 14:09:03.807] [Render thread/WARN] [net.minecraft.client.sounds.SoundEngine/]: Missing sound for event: minecraft:block.sand.wind
[31may2025 14:09:03.808] [Render thread/WARN] [net.minecraft.client.sounds.SoundEngine/]: Missing sound for event: minecraft:entity.wolf_puglin.ambient
[31may2025 14:09:03.808] [Render thread/WARN] [net.minecraft.client.sounds.SoundEngine/]: Missing sound for event: minecraft:entity.wolf_puglin.death
[31may2025 14:09:03.808] [Render thread/WARN] [net.minecraft.client.sounds.SoundEngine/]: Missing sound for event: minecraft:entity.wolf_puglin.growl
[31may2025 14:09:03.808] [Render thread/WARN] [net.minecraft.client.sounds.SoundEngine/]: Missing sound for event: minecraft:entity.wolf_puglin.hurt
[31may2025 14:09:03.808] [Render thread/WARN] [net.minecraft.client.sounds.SoundEngine/]: Missing sound for event: minecraft:entity.wolf_puglin.pant
[31may2025 14:09:03.808] [Render thread/WARN] [net.minecraft.client.sounds.SoundEngine/]: Missing sound for event: minecraft:entity.wolf_puglin.whine
[31may2025 14:09:03.808] [Render thread/WARN] [net.minecraft.client.sounds.SoundEngine/]: Missing sound for event: minecraft:entity.wolf_sad.ambient
[31may2025 14:09:03.808] [Render thread/WARN] [net.minecraft.client.sounds.SoundEngine/]: Missing sound for event: minecraft:entity.wolf_sad.death
[31may2025 14:09:03.808] [Render thread/WARN] [net.minecraft.client.sounds.SoundEngine/]: Missing sound for event: minecraft:entity.wolf_sad.growl
[31may2025 14:09:03.808] [Render thread/WARN] [net.minecraft.client.sounds.SoundEngine/]: Missing sound for event: minecraft:entity.wolf_sad.hurt
[31may2025 14:09:03.808] [Render thread/WARN] [net.minecraft.client.sounds.SoundEngine/]: Missing sound for event: minecraft:entity.wolf_sad.pant
[31may2025 14:09:03.808] [Render thread/WARN] [net.minecraft.client.sounds.SoundEngine/]: Missing sound for event: minecraft:entity.wolf_sad.whine
[31may2025 14:09:03.809] [Render thread/WARN] [net.minecraft.client.sounds.SoundEngine/]: Missing sound for event: minecraft:entity.wolf_angry.ambient
[31may2025 14:09:03.809] [Render thread/WARN] [net.minecraft.client.sounds.SoundEngine/]: Missing sound for event: minecraft:entity.wolf_angry.death
[31may2025 14:09:03.809] [Render thread/WARN] [net.minecraft.client.sounds.SoundEngine/]: Missing sound for event: minecraft:entity.wolf_angry.growl
[31may2025 14:09:03.809] [Render thread/WARN] [net.minecraft.client.sounds.SoundEngine/]: Missing sound for event: minecraft:entity.wolf_angry.hurt
[31may2025 14:09:03.809] [Render thread/WARN] [net.minecraft.client.sounds.SoundEngine/]: Missing sound for event: minecraft:entity.wolf_angry.pant
[31may2025 14:09:03.809] [Render thread/WARN] [net.minecraft.client.sounds.SoundEngine/]: Missing sound for event: minecraft:entity.wolf_angry.whine
[31may2025 14:09:03.809] [Render thread/WARN] [net.minecraft.client.sounds.SoundEngine/]: Missing sound for event: minecraft:entity.wolf_grumpy.ambient
[31may2025 14:09:03.809] [Render thread/WARN] [net.minecraft.client.sounds.SoundEngine/]: Missing sound for event: minecraft:entity.wolf_grumpy.death
[31may2025 14:09:03.809] [Render thread/WARN] [net.minecraft.client.sounds.SoundEngine/]: Missing sound for event: minecraft:entity.wolf_grumpy.growl
[31may2025 14:09:03.810] [Render thread/WARN] [net.minecraft.client.sounds.SoundEngine/]: Missing sound for event: minecraft:entity.wolf_grumpy.hurt
[31may2025 14:09:03.810] [Render thread/WARN] [net.minecraft.client.sounds.SoundEngine/]: Missing sound for event: minecraft:entity.wolf_grumpy.pant
[31may2025 14:09:03.810] [Render thread/WARN] [net.minecraft.client.sounds.SoundEngine/]: Missing sound for event: minecraft:entity.wolf_grumpy.whine
[31may2025 14:09:03.810] [Render thread/WARN] [net.minecraft.client.sounds.SoundEngine/]: Missing sound for event: minecraft:entity.wolf_big.ambient
[31may2025 14:09:03.810] [Render thread/WARN] [net.minecraft.client.sounds.SoundEngine/]: Missing sound for event: minecraft:entity.wolf_big.death
[31may2025 14:09:03.810] [Render thread/WARN] [net.minecraft.client.sounds.SoundEngine/]: Missing sound for event: minecraft:entity.wolf_big.growl
[31may2025 14:09:03.810] [Render thread/WARN] [net.minecraft.client.sounds.SoundEngine/]: Missing sound for event: minecraft:entity.wolf_big.hurt
[31may2025 14:09:03.810] [Render thread/WARN] [net.minecraft.client.sounds.SoundEngine/]: Missing sound for event: minecraft:entity.wolf_big.pant
[31may2025 14:09:03.810] [Render thread/WARN] [net.minecraft.client.sounds.SoundEngine/]: Missing sound for event: minecraft:entity.wolf_big.whine
[31may2025 14:09:03.810] [Render thread/WARN] [net.minecraft.client.sounds.SoundEngine/]: Missing sound for event: minecraft:entity.wolf_cute.ambient
[31may2025 14:09:03.810] [Render thread/WARN] [net.minecraft.client.sounds.SoundEngine/]: Missing sound for event: minecraft:entity.wolf_cute.death
[31may2025 14:09:03.810] [Render thread/WARN] [net.minecraft.client.sounds.SoundEngine/]: Missing sound for event: minecraft:entity.wolf_cute.growl
[31may2025 14:09:03.810] [Render thread/WARN] [net.minecraft.client.sounds.SoundEngine/]: Missing sound for event: minecraft:entity.wolf_cute.hurt
[31may2025 14:09:03.810] [Render thread/WARN] [net.minecraft.client.sounds.SoundEngine/]: Missing sound for event: minecraft:entity.wolf_cute.pant
[31may2025 14:09:03.811] [Render thread/WARN] [net.minecraft.client.sounds.SoundEngine/]: Missing sound for event: minecraft:entity.wolf_cute.whine
[31may2025 14:09:03.845] [Render thread/INFO] [com.mojang.blaze3d.audio.Library/]: OpenAL initialized on device OpenAL Soft on Altavoces (Razer Barracuda X 2.4)
[31may2025 14:09:03.846] [Render thread/INFO] [net.minecraft.client.sounds.SoundEngine/SOUNDS]: Sound engine started
[31may2025 14:09:03.941] [Render thread/INFO] [net.minecraft.client.renderer.texture.TextureAtlas/]: Created: 1024x512x4 minecraft:textures/atlas/blocks.png-atlas
[31may2025 14:09:03.949] [Render thread/INFO] [net.minecraft.client.renderer.texture.TextureAtlas/]: Created: 256x256x4 minecraft:textures/atlas/signs.png-atlas
[31may2025 14:09:03.950] [Render thread/INFO] [net.minecraft.client.renderer.texture.TextureAtlas/]: Created: 512x512x4 minecraft:textures/atlas/banner_patterns.png-atlas
[31may2025 14:09:03.951] [Render thread/INFO] [net.minecraft.client.renderer.texture.TextureAtlas/]: Created: 512x512x4 minecraft:textures/atlas/shield_patterns.png-atlas
[31may2025 14:09:03.951] [Render thread/INFO] [net.minecraft.client.renderer.texture.TextureAtlas/]: Created: 2048x1024x4 minecraft:textures/atlas/armor_trims.png-atlas
[31may2025 14:09:03.954] [Render thread/INFO] [net.minecraft.client.renderer.texture.TextureAtlas/]: Created: 256x256x4 minecraft:textures/atlas/chest.png-atlas
[31may2025 14:09:03.957] [Render thread/INFO] [net.minecraft.client.renderer.texture.TextureAtlas/]: Created: 128x64x4 minecraft:textures/atlas/decorated_pot.png-atlas
[31may2025 14:09:03.957] [Render thread/INFO] [net.minecraft.client.renderer.texture.TextureAtlas/]: Created: 512x256x4 minecraft:textures/atlas/shulker_boxes.png-atlas
[31may2025 14:09:03.958] [Render thread/INFO] [net.minecraft.client.renderer.texture.TextureAtlas/]: Created: 512x256x4 minecraft:textures/atlas/beds.png-atlas
[31may2025 14:09:03.959] [Render thread/INFO] [net.minecraft.client.renderer.texture.TextureAtlas/]: Created: 64x64x0 minecraft:textures/atlas/map_decorations.png-atlas
[31may2025 14:09:04.100] [Render thread/INFO] [net.minecraft.client.renderer.texture.TextureAtlas/]: Created: 512x256x0 minecraft:textures/atlas/particles.png-atlas
[31may2025 14:09:04.101] [Render thread/INFO] [net.minecraft.client.renderer.texture.TextureAtlas/]: Created: 512x256x0 minecraft:textures/atlas/paintings.png-atlas
[31may2025 14:09:04.101] [Render thread/INFO] [net.minecraft.client.renderer.texture.TextureAtlas/]: Created: 256x128x0 minecraft:textures/atlas/mob_effects.png-atlas
[31may2025 14:09:04.102] [Render thread/INFO] [net.minecraft.client.renderer.texture.TextureAtlas/]: Created: 1024x512x0 minecraft:textures/atlas/gui.png-atlas
[31may2025 14:09:28.554] [Render thread/WARN] [net.minecraftforge.common.ForgeHooks/WP]: The following mods have version differences that were not resolved:
forge (version 54.1.3 -> 55.0.21)
Things may not work well.
[31may2025 14:09:28.598] [Render thread/ERROR] [net.minecraftforge.registries.GameData/REGISTRIES]: Unidentified mapping from registry minecraft:entity_type
	minecraft:potion: 82

[31may2025 14:09:28.603] [Render thread/ERROR] [net.minecraftforge.registries.GameData/REGISTRIES]: Unidentified mapping from registry minecraft:sound_event
	minecraft:entity.wolf.howl: 1555

[31may2025 14:09:28.604] [Render thread/WARN] [net.minecraftforge.registries.GameData/REGISTRIES]: Forge Mod Loader detected missing registry entries.

There are 2 missing entries in this save.
If you continue the missing entries will get removed.
A world backup will be automatically created in your saves directory.


[31may2025 14:09:28.604] [Render thread/WARN] [net.minecraftforge.registries.GameData/REGISTRIES]: Missing minecraft:sound_event:
    minecraft:entity.wolf.howl

Missing minecraft:entity_type:
    minecraft:potion


[31may2025 14:09:28.604] [Render thread/ERROR] [net.minecraftforge.registries.GameData/REGISTRIES]: There are unidentified mappings in this world - we are going to attempt to process anyway
[31may2025 14:09:28.606] [Render thread/WARN] [net.minecraftforge.registries.ForgeRegistry/REGISTRIES]: Registry minecraft:block: Object did not get ID it asked for. Name: minecraft:bush Expected: 133 Got: 1100
[31may2025 14:09:28.606] [Render thread/WARN] [net.minecraftforge.registries.ForgeRegistry/REGISTRIES]: Registry minecraft:block: Object did not get ID it asked for. Name: minecraft:short_dry_grass Expected: 134 Got: 1224
[31may2025 14:09:28.606] [Render thread/WARN] [net.minecraftforge.registries.ForgeRegistry/REGISTRIES]: Registry minecraft:block: Object did not get ID it asked for. Name: minecraft:tall_dry_grass Expected: 135 Got: 1225
[31may2025 14:09:28.606] [Render thread/WARN] [net.minecraftforge.registries.ForgeRegistry/REGISTRIES]: Registry minecraft:block: Object did not get ID it asked for. Name: minecraft:cactus_flower Expected: 267 Got: 1226
[31may2025 14:09:28.607] [Render thread/WARN] [net.minecraftforge.registries.ForgeRegistry/REGISTRIES]: Registry minecraft:block: Object did not get ID it asked for. Name: minecraft:test_block Expected: 866 Got: 1227
[31may2025 14:09:28.607] [Render thread/WARN] [net.minecraftforge.registries.ForgeRegistry/REGISTRIES]: Registry minecraft:block: Object did not get ID it asked for. Name: minecraft:test_instance_block Expected: 867 Got: 1228
[31may2025 14:09:28.607] [Render thread/WARN] [net.minecraftforge.registries.ForgeRegistry/REGISTRIES]: Registry minecraft:block: Object did not get ID it asked for. Name: minecraft:wildflowers Expected: 1050 Got: 1229
[31may2025 14:09:28.607] [Render thread/WARN] [net.minecraftforge.registries.ForgeRegistry/REGISTRIES]: Registry minecraft:block: Object did not get ID it asked for. Name: minecraft:leaf_litter Expected: 1051 Got: 1230
[31may2025 14:09:28.607] [Render thread/WARN] [net.minecraftforge.registries.ForgeRegistry/REGISTRIES]: Registry minecraft:block: Object did not get ID it asked for. Name: minecraft:firefly_bush Expected: 1103 Got: 1231
[31may2025 14:09:28.608] [Render thread/WARN] [net.minecraftforge.registries.ForgeRegistry/REGISTRIES]: Registry minecraft:item: Object did not get ID it asked for. Name: minecraft:bush Expected: 204 Got: 1449
[31may2025 14:09:28.608] [Render thread/WARN] [net.minecraftforge.registries.ForgeRegistry/REGISTRIES]: Registry minecraft:item: Object did not get ID it asked for. Name: minecraft:firefly_bush Expected: 208 Got: 1450
[31may2025 14:09:28.608] [Render thread/WARN] [net.minecraftforge.registries.ForgeRegistry/REGISTRIES]: Registry minecraft:item: Object did not get ID it asked for. Name: minecraft:short_dry_grass Expected: 209 Got: 1451
[31may2025 14:09:28.608] [Render thread/WARN] [net.minecraftforge.registries.ForgeRegistry/REGISTRIES]: Registry minecraft:item: Object did not get ID it asked for. Name: minecraft:tall_dry_grass Expected: 210 Got: 1452
[31may2025 14:09:28.608] [Render thread/WARN] [net.minecraftforge.registries.ForgeRegistry/REGISTRIES]: Registry minecraft:item: Object did not get ID it asked for. Name: minecraft:wildflowers Expected: 259 Got: 1453
[31may2025 14:09:28.609] [Render thread/WARN] [net.minecraftforge.registries.ForgeRegistry/REGISTRIES]: Registry minecraft:item: Object did not get ID it asked for. Name: minecraft:leaf_litter Expected: 260 Got: 1454
[31may2025 14:09:28.609] [Render thread/WARN] [net.minecraftforge.registries.ForgeRegistry/REGISTRIES]: Registry minecraft:item: Object did not get ID it asked for. Name: minecraft:cactus_flower Expected: 329 Got: 1455
[31may2025 14:09:28.609] [Render thread/WARN] [net.minecraftforge.registries.ForgeRegistry/REGISTRIES]: Registry minecraft:item: Object did not get ID it asked for. Name: minecraft:test_block Expected: 832 Got: 1456
[31may2025 14:09:28.609] [Render thread/WARN] [net.minecraftforge.registries.ForgeRegistry/REGISTRIES]: Registry minecraft:item: Object did not get ID it asked for. Name: minecraft:test_instance_block Expected: 833 Got: 1457
[31may2025 14:09:28.609] [Render thread/WARN] [net.minecraftforge.registries.ForgeRegistry/REGISTRIES]: Registry minecraft:item: Object did not get ID it asked for. Name: minecraft:blue_egg Expected: 970 Got: 1458
[31may2025 14:09:28.609] [Render thread/WARN] [net.minecraftforge.registries.ForgeRegistry/REGISTRIES]: Registry minecraft:item: Object did not get ID it asked for. Name: minecraft:brown_egg Expected: 971 Got: 1459
[31may2025 14:09:28.610] [Render thread/WARN] [net.minecraftforge.registries.ForgeRegistry/REGISTRIES]: Registry minecraft:sound_event: Object did not get ID it asked for. Name: minecraft:block.cactus_flower.break Expected: 227 Got: 617
[31may2025 14:09:28.610] [Render thread/WARN] [net.minecraftforge.registries.ForgeRegistry/REGISTRIES]: Registry minecraft:sound_event: Object did not get ID it asked for. Name: minecraft:block.cactus_flower.place Expected: 228 Got: 626
[31may2025 14:09:28.610] [Render thread/WARN] [net.minecraftforge.registries.ForgeRegistry/REGISTRIES]: Registry minecraft:sound_event: Object did not get ID it asked for. Name: minecraft:block.deadbush.idle Expected: 408 Got: 1653
[31may2025 14:09:28.610] [Render thread/WARN] [net.minecraftforge.registries.ForgeRegistry/REGISTRIES]: Registry minecraft:sound_event: Object did not get ID it asked for. Name: minecraft:block.firefly_bush.idle Expected: 534 Got: 1654
[31may2025 14:09:28.610] [Render thread/WARN] [net.minecraftforge.registries.ForgeRegistry/REGISTRIES]: Registry minecraft:sound_event: Object did not get ID it asked for. Name: minecraft:block.iron.break Expected: 774 Got: 1655
[31may2025 14:09:28.610] [Render thread/WARN] [net.minecraftforge.registries.ForgeRegistry/REGISTRIES]: Registry minecraft:sound_event: Object did not get ID it asked for. Name: minecraft:block.iron.step Expected: 775 Got: 1656
[31may2025 14:09:28.610] [Render thread/WARN] [net.minecraftforge.registries.ForgeRegistry/REGISTRIES]: Registry minecraft:sound_event: Object did not get ID it asked for. Name: minecraft:block.iron.place Expected: 776 Got: 1657
[31may2025 14:09:28.610] [Render thread/WARN] [net.minecraftforge.registries.ForgeRegistry/REGISTRIES]: Registry minecraft:sound_event: Object did not get ID it asked for. Name: minecraft:block.iron.hit Expected: 777 Got: 1658
[31may2025 14:09:28.610] [Render thread/WARN] [net.minecraftforge.registries.ForgeRegistry/REGISTRIES]: Registry minecraft:sound_event: Object did not get ID it asked for. Name: minecraft:block.iron.fall Expected: 778 Got: 1659
[31may2025 14:09:28.610] [Render thread/WARN] [net.minecraftforge.registries.ForgeRegistry/REGISTRIES]: Registry minecraft:sound_event: Object did not get ID it asked for. Name: minecraft:block.leaf_litter.break Expected: 811 Got: 1660
[31may2025 14:09:28.610] [Render thread/WARN] [net.minecraftforge.registries.ForgeRegistry/REGISTRIES]: Registry minecraft:sound_event: Object did not get ID it asked for. Name: minecraft:block.leaf_litter.step Expected: 812 Got: 1661
[31may2025 14:09:28.611] [Render thread/WARN] [net.minecraftforge.registries.ForgeRegistry/REGISTRIES]: Registry minecraft:sound_event: Object did not get ID it asked for. Name: minecraft:block.leaf_litter.place Expected: 813 Got: 1662
[31may2025 14:09:28.611] [Render thread/WARN] [net.minecraftforge.registries.ForgeRegistry/REGISTRIES]: Registry minecraft:sound_event: Object did not get ID it asked for. Name: minecraft:block.leaf_litter.hit Expected: 814 Got: 1663
[31may2025 14:09:28.611] [Render thread/WARN] [net.minecraftforge.registries.ForgeRegistry/REGISTRIES]: Registry minecraft:sound_event: Object did not get ID it asked for. Name: minecraft:block.leaf_litter.fall Expected: 815 Got: 1664
[31may2025 14:09:28.611] [Render thread/WARN] [net.minecraftforge.registries.ForgeRegistry/REGISTRIES]: Registry minecraft:sound_event: Object did not get ID it asked for. Name: minecraft:block.sand.idle Expected: 1230 Got: 1665
[31may2025 14:09:28.611] [Render thread/WARN] [net.minecraftforge.registries.ForgeRegistry/REGISTRIES]: Registry minecraft:sound_event: Object did not get ID it asked for. Name: minecraft:block.sand.wind Expected: 1231 Got: 1666
[31may2025 14:09:28.611] [Render thread/WARN] [net.minecraftforge.registries.ForgeRegistry/REGISTRIES]: Registry minecraft:sound_event: Object did not get ID it asked for. Name: minecraft:entity.wolf_puglin.ambient Expected: 1616 Got: 1667
[31may2025 14:09:28.611] [Render thread/WARN] [net.minecraftforge.registries.ForgeRegistry/REGISTRIES]: Registry minecraft:sound_event: Object did not get ID it asked for. Name: minecraft:entity.wolf_puglin.death Expected: 1617 Got: 1668
[31may2025 14:09:28.611] [Render thread/WARN] [net.minecraftforge.registries.ForgeRegistry/REGISTRIES]: Registry minecraft:sound_event: Object did not get ID it asked for. Name: minecraft:entity.wolf_puglin.growl Expected: 1618 Got: 1669
[31may2025 14:09:28.611] [Render thread/WARN] [net.minecraftforge.registries.ForgeRegistry/REGISTRIES]: Registry minecraft:sound_event: Object did not get ID it asked for. Name: minecraft:entity.wolf_puglin.hurt Expected: 1619 Got: 1670
[31may2025 14:09:28.611] [Render thread/WARN] [net.minecraftforge.registries.ForgeRegistry/REGISTRIES]: Registry minecraft:sound_event: Object did not get ID it asked for. Name: minecraft:entity.wolf_puglin.pant Expected: 1620 Got: 1671
[31may2025 14:09:28.611] [Render thread/WARN] [net.minecraftforge.registries.ForgeRegistry/REGISTRIES]: Registry minecraft:sound_event: Object did not get ID it asked for. Name: minecraft:entity.wolf_puglin.whine Expected: 1621 Got: 1672
[31may2025 14:09:28.611] [Render thread/WARN] [net.minecraftforge.registries.ForgeRegistry/REGISTRIES]: Registry minecraft:sound_event: Object did not get ID it asked for. Name: minecraft:entity.wolf_sad.ambient Expected: 1622 Got: 1673
[31may2025 14:09:28.611] [Render thread/WARN] [net.minecraftforge.registries.ForgeRegistry/REGISTRIES]: Registry minecraft:sound_event: Object did not get ID it asked for. Name: minecraft:entity.wolf_sad.death Expected: 1623 Got: 1674
[31may2025 14:09:28.611] [Render thread/WARN] [net.minecraftforge.registries.ForgeRegistry/REGISTRIES]: Registry minecraft:sound_event: Object did not get ID it asked for. Name: minecraft:entity.wolf_sad.growl Expected: 1624 Got: 1675
[31may2025 14:09:28.612] [Render thread/WARN] [net.minecraftforge.registries.ForgeRegistry/REGISTRIES]: Registry minecraft:sound_event: Object did not get ID it asked for. Name: minecraft:entity.wolf_sad.hurt Expected: 1625 Got: 1676
[31may2025 14:09:28.612] [Render thread/WARN] [net.minecraftforge.registries.ForgeRegistry/REGISTRIES]: Registry minecraft:sound_event: Object did not get ID it asked for. Name: minecraft:entity.wolf_sad.pant Expected: 1626 Got: 1677
[31may2025 14:09:28.612] [Render thread/WARN] [net.minecraftforge.registries.ForgeRegistry/REGISTRIES]: Registry minecraft:sound_event: Object did not get ID it asked for. Name: minecraft:entity.wolf_sad.whine Expected: 1627 Got: 1678
[31may2025 14:09:28.612] [Render thread/WARN] [net.minecraftforge.registries.ForgeRegistry/REGISTRIES]: Registry minecraft:sound_event: Object did not get ID it asked for. Name: minecraft:entity.wolf_angry.ambient Expected: 1628 Got: 1679
[31may2025 14:09:28.612] [Render thread/WARN] [net.minecraftforge.registries.ForgeRegistry/REGISTRIES]: Registry minecraft:sound_event: Object did not get ID it asked for. Name: minecraft:entity.wolf_angry.death Expected: 1629 Got: 1680
[31may2025 14:09:28.612] [Render thread/WARN] [net.minecraftforge.registries.ForgeRegistry/REGISTRIES]: Registry minecraft:sound_event: Object did not get ID it asked for. Name: minecraft:entity.wolf_angry.growl Expected: 1630 Got: 1681
[31may2025 14:09:28.612] [Render thread/WARN] [net.minecraftforge.registries.ForgeRegistry/REGISTRIES]: Registry minecraft:sound_event: Object did not get ID it asked for. Name: minecraft:entity.wolf_angry.hurt Expected: 1631 Got: 1682
[31may2025 14:09:28.612] [Render thread/WARN] [net.minecraftforge.registries.ForgeRegistry/REGISTRIES]: Registry minecraft:sound_event: Object did not get ID it asked for. Name: minecraft:entity.wolf_angry.pant Expected: 1632 Got: 1683
[31may2025 14:09:28.612] [Render thread/WARN] [net.minecraftforge.registries.ForgeRegistry/REGISTRIES]: Registry minecraft:sound_event: Object did not get ID it asked for. Name: minecraft:entity.wolf_angry.whine Expected: 1633 Got: 1684
[31may2025 14:09:28.612] [Render thread/WARN] [net.minecraftforge.registries.ForgeRegistry/REGISTRIES]: Registry minecraft:sound_event: Object did not get ID it asked for. Name: minecraft:entity.wolf_grumpy.ambient Expected: 1634 Got: 1685
[31may2025 14:09:28.613] [Render thread/WARN] [net.minecraftforge.registries.ForgeRegistry/REGISTRIES]: Registry minecraft:sound_event: Object did not get ID it asked for. Name: minecraft:entity.wolf_grumpy.death Expected: 1635 Got: 1686
[31may2025 14:09:28.613] [Render thread/WARN] [net.minecraftforge.registries.ForgeRegistry/REGISTRIES]: Registry minecraft:sound_event: Object did not get ID it asked for. Name: minecraft:entity.wolf_grumpy.growl Expected: 1636 Got: 1687
[31may2025 14:09:28.613] [Render thread/WARN] [net.minecraftforge.registries.ForgeRegistry/REGISTRIES]: Registry minecraft:sound_event: Object did not get ID it asked for. Name: minecraft:entity.wolf_grumpy.hurt Expected: 1637 Got: 1688
[31may2025 14:09:28.613] [Render thread/WARN] [net.minecraftforge.registries.ForgeRegistry/REGISTRIES]: Registry minecraft:sound_event: Object did not get ID it asked for. Name: minecraft:entity.wolf_grumpy.pant Expected: 1638 Got: 1689
[31may2025 14:09:28.613] [Render thread/WARN] [net.minecraftforge.registries.ForgeRegistry/REGISTRIES]: Registry minecraft:sound_event: Object did not get ID it asked for. Name: minecraft:entity.wolf_grumpy.whine Expected: 1639 Got: 1690
[31may2025 14:09:28.613] [Render thread/WARN] [net.minecraftforge.registries.ForgeRegistry/REGISTRIES]: Registry minecraft:sound_event: Object did not get ID it asked for. Name: minecraft:entity.wolf_big.ambient Expected: 1640 Got: 1691
[31may2025 14:09:28.613] [Render thread/WARN] [net.minecraftforge.registries.ForgeRegistry/REGISTRIES]: Registry minecraft:sound_event: Object did not get ID it asked for. Name: minecraft:entity.wolf_big.death Expected: 1641 Got: 1692
[31may2025 14:09:28.613] [Render thread/WARN] [net.minecraftforge.registries.ForgeRegistry/REGISTRIES]: Registry minecraft:sound_event: Object did not get ID it asked for. Name: minecraft:entity.wolf_big.growl Expected: 1642 Got: 1693
[31may2025 14:09:28.613] [Render thread/WARN] [net.minecraftforge.registries.ForgeRegistry/REGISTRIES]: Registry minecraft:sound_event: Object did not get ID it asked for. Name: minecraft:entity.wolf_big.hurt Expected: 1643 Got: 1694
[31may2025 14:09:28.613] [Render thread/WARN] [net.minecraftforge.registries.ForgeRegistry/REGISTRIES]: Registry minecraft:sound_event: Object did not get ID it asked for. Name: minecraft:entity.wolf_big.pant Expected: 1644 Got: 1695
[31may2025 14:09:28.613] [Render thread/WARN] [net.minecraftforge.registries.ForgeRegistry/REGISTRIES]: Registry minecraft:sound_event: Object did not get ID it asked for. Name: minecraft:entity.wolf_big.whine Expected: 1645 Got: 1696
[31may2025 14:09:28.613] [Render thread/WARN] [net.minecraftforge.registries.ForgeRegistry/REGISTRIES]: Registry minecraft:sound_event: Object did not get ID it asked for. Name: minecraft:entity.wolf_cute.ambient Expected: 1646 Got: 1697
[31may2025 14:09:28.614] [Render thread/WARN] [net.minecraftforge.registries.ForgeRegistry/REGISTRIES]: Registry minecraft:sound_event: Object did not get ID it asked for. Name: minecraft:entity.wolf_cute.death Expected: 1647 Got: 1698
[31may2025 14:09:28.614] [Render thread/WARN] [net.minecraftforge.registries.ForgeRegistry/REGISTRIES]: Registry minecraft:sound_event: Object did not get ID it asked for. Name: minecraft:entity.wolf_cute.growl Expected: 1648 Got: 1699
[31may2025 14:09:28.614] [Render thread/WARN] [net.minecraftforge.registries.ForgeRegistry/REGISTRIES]: Registry minecraft:sound_event: Object did not get ID it asked for. Name: minecraft:entity.wolf_cute.hurt Expected: 1649 Got: 1700
[31may2025 14:09:28.614] [Render thread/WARN] [net.minecraftforge.registries.ForgeRegistry/REGISTRIES]: Registry minecraft:sound_event: Object did not get ID it asked for. Name: minecraft:entity.wolf_cute.pant Expected: 1650 Got: 1701
[31may2025 14:09:28.614] [Render thread/WARN] [net.minecraftforge.registries.ForgeRegistry/REGISTRIES]: Registry minecraft:sound_event: Object did not get ID it asked for. Name: minecraft:entity.wolf_cute.whine Expected: 1651 Got: 1702
[31may2025 14:09:28.614] [Render thread/WARN] [net.minecraftforge.registries.ForgeRegistry/REGISTRIES]: Registry minecraft:entity_type: Object did not get ID it asked for. Name: minecraft:splash_potion Expected: 99 Got: 10
[31may2025 14:09:28.614] [Render thread/WARN] [net.minecraftforge.registries.ForgeRegistry/REGISTRIES]: Registry minecraft:entity_type: Object did not get ID it asked for. Name: minecraft:lingering_potion Expected: 100 Got: 17
[31may2025 14:09:28.616] [Render thread/WARN] [net.minecraftforge.registries.ForgeRegistry/REGISTRIES]: Registry minecraft:memory_module_type: Object did not get ID it asked for. Name: minecraft:nearest_visible_targetable_players Expected: 12 Got: 106
[31may2025 14:09:29.009] [Render thread/DEBUG] [net.minecraftforge.resource.ResourcePackLoader/CORE]: Generating PackInfo named mod:forge for mod file /
[31may2025 14:09:29.010] [Render thread/DEBUG] [net.minecraftforge.resource.ResourcePackLoader/CORE]: Generating PackInfo named mod:colored_water for mod file C:\Users\ayrec\OneDrive\Escritorio\Minecraft Modding\Mods\Colored-Water\forge\build\sourcesSets\main
[31may2025 14:09:29.938] [Worker-Main-15/DEBUG] [net.minecraftforge.coremod.transformer.CoreModBaseTransformer/COREMOD]: Transforming net/minecraft/server/commands/SummonCommand
[31may2025 14:09:29.940] [Worker-Main-15/DEBUG] [net.minecraftforge.coremod.CoreMod.forge/COREMODLOG]: Redirecting method call finalizeSpawn(Lnet/minecraft/world/level/ServerLevelAccessor;Lnet/minecraft/world/DifficultyInstance;Lnet/minecraft/world/entity/EntitySpawnReason;Lnet/minecraft/world/entity/SpawnGroupData;)Lnet/minecraft/world/entity/SpawnGroupData; to onFinalizeSpawn(Lnet/minecraft/world/entity/Mob;Lnet/minecraft/world/level/ServerLevelAccessor;Lnet/minecraft/world/DifficultyInstance;Lnet/minecraft/world/entity/EntitySpawnReason;Lnet/minecraft/world/entity/SpawnGroupData;)Lnet/minecraft/world/entity/SpawnGroupData; inside of net/minecraft/server/commands/SummonCommand.createEntity
[31may2025 14:09:30.015] [Worker-Main-15/DEBUG] [net.minecraftforge.coremod.transformer.CoreModBaseTransformer/COREMOD]: Transforming net/minecraft/server/commands/RaidCommand
[31may2025 14:09:30.016] [Worker-Main-15/DEBUG] [net.minecraftforge.coremod.CoreMod.forge/COREMODLOG]: Redirecting method call finalizeSpawn(Lnet/minecraft/world/level/ServerLevelAccessor;Lnet/minecraft/world/DifficultyInstance;Lnet/minecraft/world/entity/EntitySpawnReason;Lnet/minecraft/world/entity/SpawnGroupData;)Lnet/minecraft/world/entity/SpawnGroupData; to onFinalizeSpawn(Lnet/minecraft/world/entity/Mob;Lnet/minecraft/world/level/ServerLevelAccessor;Lnet/minecraft/world/DifficultyInstance;Lnet/minecraft/world/entity/EntitySpawnReason;Lnet/minecraft/world/entity/SpawnGroupData;)Lnet/minecraft/world/entity/SpawnGroupData; inside of net/minecraft/server/commands/RaidCommand.spawnLeader
[31may2025 14:09:30.285] [Render thread/INFO] [net.minecraft.world.item.crafting.RecipeManager/]: Loaded 1463 recipes
[31may2025 14:09:30.296] [Render thread/INFO] [net.minecraft.advancements.AdvancementTree/]: Loaded 1574 advancements
[31may2025 14:09:30.324] [Render thread/DEBUG] [net.minecraftforge.common.ForgeHooks/WP]: Gathering id map for writing to world save New World
[31may2025 14:09:30.338] [Render thread/DEBUG] [net.minecraftforge.common.ForgeHooks/WP]: ID Map collection complete New World
[31may2025 14:09:30.417] [Server thread/INFO] [net.minecraft.client.server.IntegratedServer/]: Starting integrated minecraft server version 1.21.5
[31may2025 14:09:30.417] [Server thread/INFO] [net.minecraft.server.MinecraftServer/]: Generating keypair
[31may2025 14:09:30.485] [Server thread/DEBUG] [net.minecraftforge.fml.config.ConfigTracker/CONFIG]: Loading configs type SERVER
[31may2025 14:09:30.485] [Server thread/DEBUG] [net.minecraftforge.fml.config.ConfigFileTypeHandler/CONFIG]: Built TOML config for .\saves\New World\serverconfig\forge-server.toml
[31may2025 14:09:30.486] [Server thread/DEBUG] [net.minecraftforge.fml.config.ConfigFileTypeHandler/CONFIG]: Loaded TOML config file .\saves\New World\serverconfig\forge-server.toml
[31may2025 14:09:30.486] [Server thread/DEBUG] [net.minecraftforge.fml.config.ConfigFileTypeHandler/CONFIG]: Starting watcher for handler: ConfigFileTypeHandler[SERVER]
[31may2025 14:09:30.488] [Server thread/DEBUG] [net.minecraftforge.fml.config.ConfigFileTypeHandler/CONFIG]: Watching TOML config file .\saves\New World\serverconfig\forge-server.toml for changes
[31may2025 14:09:30.488] [Server thread/DEBUG] [net.minecraftforge.common.ForgeConfig/FORGEMOD]: Loaded forge config file forge-server.toml
[31may2025 14:09:30.538] [Server thread/DEBUG] [net.minecraftforge.coremod.transformer.CoreModBaseTransformer/COREMOD]: Transforming net/minecraft/world/level/levelgen/PhantomSpawner
[31may2025 14:09:30.543] [Server thread/DEBUG] [net.minecraftforge.coremod.CoreMod.forge/COREMODLOG]: Redirecting method call finalizeSpawn(Lnet/minecraft/world/level/ServerLevelAccessor;Lnet/minecraft/world/DifficultyInstance;Lnet/minecraft/world/entity/EntitySpawnReason;Lnet/minecraft/world/entity/SpawnGroupData;)Lnet/minecraft/world/entity/SpawnGroupData; to onFinalizeSpawn(Lnet/minecraft/world/entity/Mob;Lnet/minecraft/world/level/ServerLevelAccessor;Lnet/minecraft/world/DifficultyInstance;Lnet/minecraft/world/entity/EntitySpawnReason;Lnet/minecraft/world/entity/SpawnGroupData;)Lnet/minecraft/world/entity/SpawnGroupData; inside of net/minecraft/world/level/levelgen/PhantomSpawner.tick
[31may2025 14:09:30.544] [Server thread/DEBUG] [net.minecraftforge.coremod.transformer.CoreModBaseTransformer/COREMOD]: Transforming net/minecraft/world/level/levelgen/PatrolSpawner
[31may2025 14:09:30.546] [Server thread/DEBUG] [net.minecraftforge.coremod.CoreMod.forge/COREMODLOG]: Redirecting method call finalizeSpawn(Lnet/minecraft/world/level/ServerLevelAccessor;Lnet/minecraft/world/DifficultyInstance;Lnet/minecraft/world/entity/EntitySpawnReason;Lnet/minecraft/world/entity/SpawnGroupData;)Lnet/minecraft/world/entity/SpawnGroupData; to onFinalizeSpawn(Lnet/minecraft/world/entity/Mob;Lnet/minecraft/world/level/ServerLevelAccessor;Lnet/minecraft/world/DifficultyInstance;Lnet/minecraft/world/entity/EntitySpawnReason;Lnet/minecraft/world/entity/SpawnGroupData;)Lnet/minecraft/world/entity/SpawnGroupData; inside of net/minecraft/world/level/levelgen/PatrolSpawner.spawnPatrolMember
[31may2025 14:09:30.548] [Server thread/DEBUG] [net.minecraftforge.coremod.transformer.CoreModBaseTransformer/COREMOD]: Transforming net/minecraft/world/entity/npc/CatSpawner
[31may2025 14:09:30.548] [Server thread/DEBUG] [net.minecraftforge.coremod.CoreMod.forge/COREMODLOG]: Redirecting method call finalizeSpawn(Lnet/minecraft/world/level/ServerLevelAccessor;Lnet/minecraft/world/DifficultyInstance;Lnet/minecraft/world/entity/EntitySpawnReason;Lnet/minecraft/world/entity/SpawnGroupData;)Lnet/minecraft/world/entity/SpawnGroupData; to onFinalizeSpawn(Lnet/minecraft/world/entity/Mob;Lnet/minecraft/world/level/ServerLevelAccessor;Lnet/minecraft/world/DifficultyInstance;Lnet/minecraft/world/entity/EntitySpawnReason;Lnet/minecraft/world/entity/SpawnGroupData;)Lnet/minecraft/world/entity/SpawnGroupData; inside of net/minecraft/world/entity/npc/CatSpawner.spawnCat
[31may2025 14:09:30.549] [Server thread/DEBUG] [net.minecraftforge.coremod.transformer.CoreModBaseTransformer/COREMOD]: Transforming net/minecraft/world/entity/ai/village/VillageSiege
[31may2025 14:09:30.550] [Server thread/DEBUG] [net.minecraftforge.coremod.CoreMod.forge/COREMODLOG]: Redirecting method call finalizeSpawn(Lnet/minecraft/world/level/ServerLevelAccessor;Lnet/minecraft/world/DifficultyInstance;Lnet/minecraft/world/entity/EntitySpawnReason;Lnet/minecraft/world/entity/SpawnGroupData;)Lnet/minecraft/world/entity/SpawnGroupData; to onFinalizeSpawn(Lnet/minecraft/world/entity/Mob;Lnet/minecraft/world/level/ServerLevelAccessor;Lnet/minecraft/world/DifficultyInstance;Lnet/minecraft/world/entity/EntitySpawnReason;Lnet/minecraft/world/entity/SpawnGroupData;)Lnet/minecraft/world/entity/SpawnGroupData; inside of net/minecraft/world/entity/ai/village/VillageSiege.trySpawn
[31may2025 14:09:30.655] [Server thread/DEBUG] [net.minecraftforge.coremod.transformer.CoreModBaseTransformer/COREMOD]: Transforming net/minecraft/world/entity/raid/Raid
[31may2025 14:09:30.656] [Server thread/DEBUG] [net.minecraftforge.coremod.CoreMod.forge/COREMODLOG]: Redirecting method call finalizeSpawn(Lnet/minecraft/world/level/ServerLevelAccessor;Lnet/minecraft/world/DifficultyInstance;Lnet/minecraft/world/entity/EntitySpawnReason;Lnet/minecraft/world/entity/SpawnGroupData;)Lnet/minecraft/world/entity/SpawnGroupData; to onFinalizeSpawn(Lnet/minecraft/world/entity/Mob;Lnet/minecraft/world/level/ServerLevelAccessor;Lnet/minecraft/world/DifficultyInstance;Lnet/minecraft/world/entity/EntitySpawnReason;Lnet/minecraft/world/entity/SpawnGroupData;)Lnet/minecraft/world/entity/SpawnGroupData; inside of net/minecraft/world/entity/raid/Raid.joinRaid
[31may2025 14:09:30.677] [Server thread/ERROR] [net.minecraft.world.level.storage.DimensionDataStorage/]: Failed to parse saved data for 'SavedDataType[capabilities]': No key data in MapLike[{}]
[31may2025 14:09:30.710] [Server thread/ERROR] [net.minecraft.world.level.storage.DimensionDataStorage/]: Failed to parse saved data for 'SavedDataType[capabilities]': No key data in MapLike[{}]
[31may2025 14:09:30.722] [Server thread/ERROR] [net.minecraft.world.level.storage.DimensionDataStorage/]: Failed to parse saved data for 'SavedDataType[capabilities]': No key data in MapLike[{}]
[31may2025 14:09:30.724] [Server thread/INFO] [net.minecraft.server.MinecraftServer/]: Preparing start region for dimension minecraft:overworld
[31may2025 14:09:30.954] [Render thread/INFO] [net.minecraft.server.level.progress.LoggerChunkProgressListener/]: Preparing spawn area: 0%
[31may2025 14:09:30.993] [pool-10-thread-1/DEBUG] [net.minecraftforge.fml.config.ConfigFileTypeHandler/CONFIG]: Config file forge-server.toml changed, sending notifies
[31may2025 14:09:30.993] [pool-10-thread-1/DEBUG] [net.minecraftforge.common.ForgeConfig/FORGEMOD]: Forge config just got changed on the file system!
[31may2025 14:09:31.024] [Server thread/INFO] [net.minecraftforge.server.permission.PermissionAPI/]: Successfully initialized permission handler forge:default_handler
[31may2025 14:09:31.027] [Render thread/INFO] [net.minecraft.server.level.progress.LoggerChunkProgressListener/]: Time elapsed: 297 ms
[31may2025 14:09:31.134] [Server thread/DEBUG] [io.netty.buffer.AbstractByteBuf/]: -Dio.netty.buffer.checkAccessible: true
[31may2025 14:09:31.134] [Server thread/DEBUG] [io.netty.buffer.AbstractByteBuf/]: -Dio.netty.buffer.checkBounds: true
[31may2025 14:09:31.135] [Server thread/DEBUG] [io.netty.util.ResourceLeakDetectorFactory/]: Loaded default ResourceLeakDetector: io.netty.util.ResourceLeakDetector@5a8cd368
[31may2025 14:09:31.141] [Server thread/DEBUG] [io.netty.util.internal.InternalThreadLocalMap/]: -Dio.netty.threadLocalMap.stringBuilder.initialSize: 1024
[31may2025 14:09:31.141] [Server thread/DEBUG] [io.netty.util.internal.InternalThreadLocalMap/]: -Dio.netty.threadLocalMap.stringBuilder.maxSize: 4096
[31may2025 14:09:31.143] [Server thread/DEBUG] [io.netty.buffer.PooledByteBufAllocator/]: -Dio.netty.allocator.numHeapArenas: 32
[31may2025 14:09:31.144] [Server thread/DEBUG] [io.netty.buffer.PooledByteBufAllocator/]: -Dio.netty.allocator.numDirectArenas: 32
[31may2025 14:09:31.144] [Server thread/DEBUG] [io.netty.buffer.PooledByteBufAllocator/]: -Dio.netty.allocator.pageSize: 8192
[31may2025 14:09:31.144] [Server thread/DEBUG] [io.netty.buffer.PooledByteBufAllocator/]: -Dio.netty.allocator.maxOrder: 9
[31may2025 14:09:31.144] [Server thread/DEBUG] [io.netty.buffer.PooledByteBufAllocator/]: -Dio.netty.allocator.chunkSize: 4194304
[31may2025 14:09:31.144] [Server thread/DEBUG] [io.netty.buffer.PooledByteBufAllocator/]: -Dio.netty.allocator.smallCacheSize: 256
[31may2025 14:09:31.144] [Server thread/DEBUG] [io.netty.buffer.PooledByteBufAllocator/]: -Dio.netty.allocator.normalCacheSize: 64
[31may2025 14:09:31.144] [Server thread/DEBUG] [io.netty.buffer.PooledByteBufAllocator/]: -Dio.netty.allocator.maxCachedBufferCapacity: 32768
[31may2025 14:09:31.144] [Server thread/DEBUG] [io.netty.buffer.PooledByteBufAllocator/]: -Dio.netty.allocator.cacheTrimInterval: 8192
[31may2025 14:09:31.144] [Server thread/DEBUG] [io.netty.buffer.PooledByteBufAllocator/]: -Dio.netty.allocator.cacheTrimIntervalMillis: 0
[31may2025 14:09:31.144] [Server thread/DEBUG] [io.netty.buffer.PooledByteBufAllocator/]: -Dio.netty.allocator.useCacheForAllThreads: false
[31may2025 14:09:31.144] [Server thread/DEBUG] [io.netty.buffer.PooledByteBufAllocator/]: -Dio.netty.allocator.maxCachedByteBuffersPerChunk: 1023
[31may2025 14:09:31.144] [Server thread/DEBUG] [io.netty.buffer.PooledByteBufAllocator/]: -Dio.netty.allocator.disableCacheFinalizersForFastThreadLocalThreads: false
[31may2025 14:09:31.150] [Server thread/DEBUG] [io.netty.buffer.ByteBufUtil/]: -Dio.netty.allocator.type: pooled
[31may2025 14:09:31.150] [Server thread/DEBUG] [io.netty.buffer.ByteBufUtil/]: -Dio.netty.threadLocalDirectBufferSize: 0
[31may2025 14:09:31.150] [Server thread/DEBUG] [io.netty.buffer.ByteBufUtil/]: -Dio.netty.maxThreadLocalCharBufferSize: 16384
[31may2025 14:09:31.163] [Server thread/DEBUG] [net.minecraftforge.coremod.transformer.CoreModBaseTransformer/COREMOD]: Transforming net/minecraft/world/level/NaturalSpawner
[31may2025 14:09:31.165] [Server thread/DEBUG] [net.minecraftforge.coremod.CoreMod.forge/COREMODLOG]: Redirecting method call finalizeSpawn(Lnet/minecraft/world/level/ServerLevelAccessor;Lnet/minecraft/world/DifficultyInstance;Lnet/minecraft/world/entity/EntitySpawnReason;Lnet/minecraft/world/entity/SpawnGroupData;)Lnet/minecraft/world/entity/SpawnGroupData; to onFinalizeSpawn(Lnet/minecraft/world/entity/Mob;Lnet/minecraft/world/level/ServerLevelAccessor;Lnet/minecraft/world/DifficultyInstance;Lnet/minecraft/world/entity/EntitySpawnReason;Lnet/minecraft/world/entity/SpawnGroupData;)Lnet/minecraft/world/entity/SpawnGroupData; inside of net/minecraft/world/level/NaturalSpawner.spawnCategoryForPosition
[31may2025 14:09:31.167] [Server thread/DEBUG] [net.minecraftforge.coremod.CoreMod.forge/COREMODLOG]: Redirecting method call finalizeSpawn(Lnet/minecraft/world/level/ServerLevelAccessor;Lnet/minecraft/world/DifficultyInstance;Lnet/minecraft/world/entity/EntitySpawnReason;Lnet/minecraft/world/entity/SpawnGroupData;)Lnet/minecraft/world/entity/SpawnGroupData; to onFinalizeSpawn(Lnet/minecraft/world/entity/Mob;Lnet/minecraft/world/level/ServerLevelAccessor;Lnet/minecraft/world/DifficultyInstance;Lnet/minecraft/world/entity/EntitySpawnReason;Lnet/minecraft/world/entity/SpawnGroupData;)Lnet/minecraft/world/entity/SpawnGroupData; inside of net/minecraft/world/level/NaturalSpawner.spawnMobsForChunkGeneration
[31may2025 14:09:31.190] [Server thread/INFO] [net.minecraft.client.server.IntegratedServer/]: Changing view distance to 12, from 10
[31may2025 14:09:31.190] [Server thread/INFO] [net.minecraft.client.server.IntegratedServer/]: Changing simulation distance to 12, from 0
[31may2025 14:09:31.399] [Render thread/DEBUG] [io.netty.channel.MultithreadEventLoopGroup/]: -Dio.netty.eventLoopThreads: 32
[31may2025 14:09:31.420] [Render thread/DEBUG] [io.netty.util.concurrent.GlobalEventExecutor/]: -Dio.netty.globalEventExecutor.quietPeriodSeconds: 1
[31may2025 14:09:31.442] [Render thread/DEBUG] [io.netty.channel.nio.NioEventLoop/]: -Dio.netty.noKeySetOptimization: false
[31may2025 14:09:31.442] [Render thread/DEBUG] [io.netty.channel.nio.NioEventLoop/]: -Dio.netty.selectorAutoRebuildThreshold: 512
[31may2025 14:09:31.449] [Render thread/DEBUG] [io.netty.util.internal.PlatformDependent/]: org.jctools-core.MpscChunkedArrayQueue: available
[31may2025 14:09:31.537] [Render thread/DEBUG] [io.netty.channel.DefaultChannelId/]: -Dio.netty.processId: 16056 (auto-detected)
[31may2025 14:09:31.541] [Render thread/DEBUG] [io.netty.util.NetUtil/]: -Djava.net.preferIPv4Stack: false
[31may2025 14:09:31.541] [Render thread/DEBUG] [io.netty.util.NetUtil/]: -Djava.net.preferIPv6Addresses: system
[31may2025 14:09:31.545] [Render thread/DEBUG] [io.netty.util.NetUtilInitializations/]: Loopback interface: loopback_0 (Software Loopback Interface 1, 0:0:0:0:0:0:0:1)
[31may2025 14:09:31.546] [Render thread/DEBUG] [io.netty.util.NetUtil/]: Failed to get SOMAXCONN from sysctl and file \proc\sys\net\core\somaxconn. Default: 200
[31may2025 14:09:31.548] [Render thread/DEBUG] [io.netty.channel.DefaultChannelId/]: -Dio.netty.machineId: 74:56:3c:ff:fe:94:a8:bc (auto-detected)
[31may2025 14:09:31.571] [Render thread/DEBUG] [io.netty.bootstrap.ChannelInitializerExtensions/]: -Dio.netty.bootstrap.extensions: null
[31may2025 14:09:31.701] [Netty Local Client IO #0/DEBUG] [net.minecraftforge.network.filters.NetworkFilters/]: Injected net.minecraftforge.network.filters.VanillaConnectionNetworkFilter@6cc4b2b5 into net.minecraft.network.Connection@1710c30e
[31may2025 14:09:31.717] [Render thread/DEBUG] [io.netty.util.Recycler/]: -Dio.netty.recycler.maxCapacityPerThread: 4096
[31may2025 14:09:31.717] [Render thread/DEBUG] [io.netty.util.Recycler/]: -Dio.netty.recycler.ratio: 8
[31may2025 14:09:31.717] [Render thread/DEBUG] [io.netty.util.Recycler/]: -Dio.netty.recycler.chunkSize: 32
[31may2025 14:09:31.717] [Render thread/DEBUG] [io.netty.util.Recycler/]: -Dio.netty.recycler.blocking: false
[31may2025 14:09:31.717] [Render thread/DEBUG] [io.netty.util.Recycler/]: -Dio.netty.recycler.batchFastThreadLocalOnly: true
[31may2025 14:09:31.843] [Netty Local Client IO #0/DEBUG] [net.minecraftforge.network.ForgePacketHandler/FORGE_PACKET_HANDLER]: Received server connection with modlist [colored_water, forge, minecraft]
[31may2025 14:09:31.844] [Netty Local Client IO #0/DEBUG] [net.minecraftforge.network.ForgePacketHandler/FORGE_PACKET_HANDLER]: Accepted server connection
[31may2025 14:09:31.844] [Netty Server IO #1/DEBUG] [net.minecraftforge.network.ForgePacketHandler/FORGE_PACKET_HANDLER]: Received client connection with modlist [colored_water, forge, minecraft]
[31may2025 14:09:31.846] [Netty Local Client IO #0/DEBUG] [net.minecraftforge.network.ForgePacketHandler/FORGE_PACKET_HANDLER]: Received server connection with channels [forge:channel_registration, forge:handshake, forge:login]
[31may2025 14:09:31.847] [Netty Local Client IO #0/DEBUG] [net.minecraftforge.network.NetworkRegistry/NETREGISTRY]: Channel 'forge:handshake' : Version test of 'PRESENT 0' from server : ACCEPTED
[31may2025 14:09:31.847] [Netty Local Client IO #0/DEBUG] [net.minecraftforge.network.NetworkRegistry/NETREGISTRY]: Channel 'forge:login' : Version test of 'PRESENT 0' from server : ACCEPTED
[31may2025 14:09:31.847] [Netty Local Client IO #0/DEBUG] [net.minecraftforge.network.NetworkRegistry/NETREGISTRY]: Channel 'forge:channel_registration' : Version test of 'PRESENT 0' from server : ACCEPTED
[31may2025 14:09:31.847] [Netty Local Client IO #0/DEBUG] [net.minecraftforge.network.NetworkRegistry/NETREGISTRY]: Accepting channel list from server
[31may2025 14:09:31.848] [Netty Server IO #1/DEBUG] [net.minecraftforge.network.ForgePacketHandler/FORGE_PACKET_HANDLER]: Received client connection with channels [forge:channel_registration, forge:handshake, forge:login]
[31may2025 14:09:31.848] [Netty Server IO #1/DEBUG] [net.minecraftforge.network.NetworkRegistry/NETREGISTRY]: Channel 'forge:handshake' : Version test of 'PRESENT 0' from client : ACCEPTED
[31may2025 14:09:31.848] [Netty Server IO #1/DEBUG] [net.minecraftforge.network.NetworkRegistry/NETREGISTRY]: Channel 'forge:login' : Version test of 'PRESENT 0' from client : ACCEPTED
[31may2025 14:09:31.848] [Netty Server IO #1/DEBUG] [net.minecraftforge.network.NetworkRegistry/NETREGISTRY]: Channel 'forge:channel_registration' : Version test of 'PRESENT 0' from client : ACCEPTED
[31may2025 14:09:31.848] [Netty Server IO #1/DEBUG] [net.minecraftforge.network.NetworkRegistry/NETREGISTRY]: Accepting channel list from client
[31may2025 14:09:31.850] [Netty Local Client IO #0/DEBUG] [net.minecraftforge.network.ForgePacketHandler/FORGE_PACKET_HANDLER]: Expecting 19 registries: minecraft:command_argument_type, minecraft:recipe_serializer, minecraft:sound_event, minecraft:particle_type, minecraft:villager_profession, minecraft:item, minecraft:potion, minecraft:painting_variant, forge:fluid_type, minecraft:block_entity_type, forge:display_contexts, minecraft:block, forge:entity_data_serializers, minecraft:mob_effect, minecraft:stat_type, minecraft:menu, minecraft:data_component_type, minecraft:fluid, minecraft:entity_type
[31may2025 14:09:31.850] [Netty Server IO #1/DEBUG] [net.minecraftforge.network.ForgePacketHandler/FORGE_PACKET_HANDLER]: Received acknowledgement 0 from client
[31may2025 14:09:31.851] [Netty Local Client IO #0/DEBUG] [net.minecraftforge.network.ForgePacketHandler/FORGE_PACKET_HANDLER]: Received config sync from server for forge-server.toml
[31may2025 14:09:32.036] [Render thread/INFO] [net.minecraftforge.common.ForgeHooks/]: Connected to a modded server.
[31may2025 14:09:32.103] [Server thread/INFO] [net.minecraft.server.players.PlayerList/]: Dev[local:E:e33a89c1] logged in with entity id 22 at (4.658364487799118, -60.0, -6.425972825668305)
[31may2025 14:09:32.155] [Server thread/INFO] [net.minecraft.server.MinecraftServer/]: Dev joined the game
[31may2025 14:09:32.346] [Render thread/INFO] [net.minecraft.advancements.AdvancementTree/]: Loaded 102 advancements
[31may2025 14:09:34.164] [Server thread/DEBUG] [net.minecraftforge.coremod.transformer.CoreModBaseTransformer/COREMOD]: Transforming net/minecraft/world/level/levelgen/structure/templatesystem/StructureTemplate
[31may2025 14:09:34.169] [Server thread/DEBUG] [net.minecraftforge.coremod.CoreMod.forge/COREMODLOG]: Redirecting method call finalizeSpawn(Lnet/minecraft/world/level/ServerLevelAccessor;Lnet/minecraft/world/DifficultyInstance;Lnet/minecraft/world/entity/EntitySpawnReason;Lnet/minecraft/world/entity/SpawnGroupData;)Lnet/minecraft/world/entity/SpawnGroupData; to onFinalizeSpawn(Lnet/minecraft/world/entity/Mob;Lnet/minecraft/world/level/ServerLevelAccessor;Lnet/minecraft/world/DifficultyInstance;Lnet/minecraft/world/entity/EntitySpawnReason;Lnet/minecraft/world/entity/SpawnGroupData;)Lnet/minecraft/world/entity/SpawnGroupData; inside of net/minecraft/world/level/levelgen/structure/templatesystem/StructureTemplate.lambda$placeEntities$5
[31may2025 14:09:42.125] [Server thread/INFO] [net.minecraft.client.server.IntegratedServer/]: Saving and pausing game...
[31may2025 14:09:42.145] [Server thread/INFO] [net.minecraft.server.MinecraftServer/]: Saving chunks for level 'ServerLevel[New World]'/minecraft:overworld
[31may2025 14:09:42.178] [Server thread/INFO] [net.minecraft.server.MinecraftServer/]: Saving chunks for level 'ServerLevel[New World]'/minecraft:the_nether
[31may2025 14:09:42.179] [Server thread/INFO] [net.minecraft.server.MinecraftServer/]: Saving chunks for level 'ServerLevel[New World]'/minecraft:the_end
[31may2025 14:09:42.187] [Server thread/DEBUG] [net.minecraftforge.common.ForgeHooks/WP]: Gathering id map for writing to world save New World
[31may2025 14:09:42.199] [Server thread/DEBUG] [net.minecraftforge.common.ForgeHooks/WP]: ID Map collection complete New World
[31may2025 14:09:43.029] [Render thread/INFO] [net.minecraft.client.Minecraft/]: Stopping!
[31may2025 14:09:43.081] [Server thread/INFO] [net.minecraft.server.network.ServerGamePacketListenerImpl/]: Dev lost connection: Disconnected
[31may2025 14:09:43.081] [Server thread/INFO] [net.minecraft.server.MinecraftServer/]: Dev left the game
[31may2025 14:09:43.096] [Server thread/INFO] [net.minecraft.server.network.ServerCommonPacketListenerImpl/]: Stopping singleplayer server as player logged out
[31may2025 14:09:43.129] [Server thread/INFO] [net.minecraft.server.MinecraftServer/]: Stopping server
[31may2025 14:09:43.129] [Server thread/INFO] [net.minecraft.server.MinecraftServer/]: Saving players
[31may2025 14:09:43.129] [Server thread/INFO] [net.minecraft.server.MinecraftServer/]: Saving worlds
[31may2025 14:09:43.241] [Server thread/INFO] [net.minecraft.server.MinecraftServer/]: Saving chunks for level 'ServerLevel[New World]'/minecraft:overworld
[31may2025 14:09:43.347] [Server thread/INFO] [net.minecraft.server.MinecraftServer/]: Saving chunks for level 'ServerLevel[New World]'/minecraft:the_nether
[31may2025 14:09:43.400] [Server thread/INFO] [net.minecraft.server.MinecraftServer/]: Saving chunks for level 'ServerLevel[New World]'/minecraft:the_end
[31may2025 14:09:43.408] [Server thread/DEBUG] [net.minecraftforge.common.ForgeHooks/WP]: Gathering id map for writing to world save New World
[31may2025 14:09:43.412] [Server thread/DEBUG] [net.minecraftforge.common.ForgeHooks/WP]: ID Map collection complete New World
[31may2025 14:09:43.426] [Server thread/INFO] [net.minecraft.server.MinecraftServer/]: ThreadedAnvilChunkStorage (New World): All chunks are saved
[31may2025 14:09:43.426] [Server thread/INFO] [net.minecraft.server.MinecraftServer/]: ThreadedAnvilChunkStorage (DIM-1): All chunks are saved
[31may2025 14:09:43.426] [Server thread/INFO] [net.minecraft.server.MinecraftServer/]: ThreadedAnvilChunkStorage (DIM1): All chunks are saved
[31may2025 14:09:43.426] [Server thread/INFO] [net.minecraft.server.MinecraftServer/]: ThreadedAnvilChunkStorage: All dimensions are saved
[31may2025 14:09:43.886] [Server thread/DEBUG] [net.minecraftforge.fml.config.ConfigTracker/CONFIG]: Unloading configs type SERVER
[31may2025 14:09:43.888] [Server thread/DEBUG] [net.minecraftforge.fml.config.ConfigFileTypeHandler/CONFIG]: Stopping watcher for hander: ConfigFileTypeHandler[SERVER]
[31may2025 14:09:43.913] [Render thread/DEBUG] [net.minecraftforge.fml.config.ConfigTracker/CONFIG]: Unloading configs type CLIENT
[31may2025 14:09:43.916] [Render thread/DEBUG] [net.minecraftforge.fml.config.ConfigFileTypeHandler/CONFIG]: Stopping watcher for hander: ConfigFileTypeHandler[CLIENT]
[31may2025 14:09:43.917] [Render thread/DEBUG] [net.minecraftforge.fml.config.ConfigTracker/CONFIG]: Unloading configs type COMMON
[31may2025 14:09:43.920] [Render thread/DEBUG] [net.minecraftforge.fml.config.ConfigFileTypeHandler/CONFIG]: Stopping watcher for hander: ConfigFileTypeHandler[COMMON]
